<?xml version="1.0" encoding="ISO-8859-1" ?>
<link_info>
   <banner>TI ARM Linker PC v20.2.5.LTS</banner>
   <copyright>Copyright (c) 1996-2018 Texas Instruments Incorporated</copyright>
   <link_time>0x6152cc39</link_time>
   <link_errors>0x0</link_errors>
   <output_file>controll.out</output_file>
   <entry_point>
      <name>_c_int00_noargs</name>
      <address>0x865</address>
   </entry_point>
   <input_file_list>
      <input_file id="fl-2">
         <path>.\</path>
         <kind>object</kind>
         <file>buttons.obj</file>
         <name>buttons.obj</name>
      </input_file>
      <input_file id="fl-3">
         <path>.\</path>
         <kind>object</kind>
         <file>controlled.obj</file>
         <name>controlled.obj</name>
      </input_file>
      <input_file id="fl-4">
         <path>.\</path>
         <kind>object</kind>
         <file>pinout.obj</file>
         <name>pinout.obj</name>
      </input_file>
      <input_file id="fl-5">
         <path>.\</path>
         <kind>object</kind>
         <file>tm4c129encpdt_startup_ccs.obj</file>
         <name>tm4c129encpdt_startup_ccs.obj</name>
      </input_file>
      <input_file id="fl-a">
         <kind>object</kind>
         <file>&lt;internal&gt;</file>
         <name>&lt;internal&gt;</name>
      </input_file>
      <input_file id="fl-b">
         <path>C:\ti\TivaWare_C_Series-2.1.4.178\driverlib\ccs\Debug\</path>
         <kind>archive</kind>
         <file>driverlib.lib</file>
         <name>gpio.obj</name>
      </input_file>
      <input_file id="fl-c">
         <path>C:\ti\TivaWare_C_Series-2.1.4.178\driverlib\ccs\Debug\</path>
         <kind>archive</kind>
         <file>driverlib.lib</file>
         <name>interrupt.obj</name>
      </input_file>
      <input_file id="fl-d">
         <path>C:\ti\TivaWare_C_Series-2.1.4.178\driverlib\ccs\Debug\</path>
         <kind>archive</kind>
         <file>driverlib.lib</file>
         <name>cpu.obj</name>
      </input_file>
      <input_file id="fl-c3">
         <path>C:\ti\ccs1040\ccs\tools\compiler\ti-cgt-arm_20.2.5.LTS\lib\</path>
         <kind>archive</kind>
         <file>rtsv7M4_T_le_v4SPD16_eabi.lib</file>
         <name>copy_zero_init.c.obj</name>
      </input_file>
      <input_file id="fl-c4">
         <path>C:\ti\ccs1040\ccs\tools\compiler\ti-cgt-arm_20.2.5.LTS\lib\</path>
         <kind>archive</kind>
         <file>rtsv7M4_T_le_v4SPD16_eabi.lib</file>
         <name>copy_decompress_none.c.obj</name>
      </input_file>
      <input_file id="fl-c5">
         <path>C:\ti\ccs1040\ccs\tools\compiler\ti-cgt-arm_20.2.5.LTS\lib\</path>
         <kind>archive</kind>
         <file>rtsv7M4_T_le_v4SPD16_eabi.lib</file>
         <name>copy_decompress_lzss.c.obj</name>
      </input_file>
      <input_file id="fl-c6">
         <path>C:\ti\ccs1040\ccs\tools\compiler\ti-cgt-arm_20.2.5.LTS\lib\</path>
         <kind>archive</kind>
         <file>rtsv7M4_T_le_v4SPD16_eabi.lib</file>
         <name>boot_cortex_m.c.obj</name>
      </input_file>
      <input_file id="fl-c7">
         <path>C:\ti\ccs1040\ccs\tools\compiler\ti-cgt-arm_20.2.5.LTS\lib\</path>
         <kind>archive</kind>
         <file>rtsv7M4_T_le_v4SPD16_eabi.lib</file>
         <name>memcpy_t2.asm.obj</name>
      </input_file>
      <input_file id="fl-c8">
         <path>C:\ti\ccs1040\ccs\tools\compiler\ti-cgt-arm_20.2.5.LTS\lib\</path>
         <kind>archive</kind>
         <file>rtsv7M4_T_le_v4SPD16_eabi.lib</file>
         <name>memset_t2.asm.obj</name>
      </input_file>
      <input_file id="fl-c9">
         <path>C:\ti\ccs1040\ccs\tools\compiler\ti-cgt-arm_20.2.5.LTS\lib\</path>
         <kind>archive</kind>
         <file>rtsv7M4_T_le_v4SPD16_eabi.lib</file>
         <name>autoinit.c.obj</name>
      </input_file>
      <input_file id="fl-ca">
         <path>C:\ti\ccs1040\ccs\tools\compiler\ti-cgt-arm_20.2.5.LTS\lib\</path>
         <kind>archive</kind>
         <file>rtsv7M4_T_le_v4SPD16_eabi.lib</file>
         <name>pre_init.c.obj</name>
      </input_file>
      <input_file id="fl-cb">
         <path>C:\ti\ccs1040\ccs\tools\compiler\ti-cgt-arm_20.2.5.LTS\lib\</path>
         <kind>archive</kind>
         <file>rtsv7M4_T_le_v4SPD16_eabi.lib</file>
         <name>cpy_tbl.c.obj</name>
      </input_file>
      <input_file id="fl-cc">
         <path>C:\ti\ccs1040\ccs\tools\compiler\ti-cgt-arm_20.2.5.LTS\lib\</path>
         <kind>archive</kind>
         <file>rtsv7M4_T_le_v4SPD16_eabi.lib</file>
         <name>exit.c.obj</name>
      </input_file>
      <input_file id="fl-cd">
         <path>C:\ti\ccs1040\ccs\tools\compiler\ti-cgt-arm_20.2.5.LTS\lib\</path>
         <kind>archive</kind>
         <file>rtsv7M4_T_le_v4SPD16_eabi.lib</file>
         <name>_lock.c.obj</name>
      </input_file>
      <input_file id="fl-ce">
         <path>C:\ti\ccs1040\ccs\tools\compiler\ti-cgt-arm_20.2.5.LTS\lib\</path>
         <kind>archive</kind>
         <file>rtsv7M4_T_le_v4SPD16_eabi.lib</file>
         <name>args_main.c.obj</name>
      </input_file>
   </input_file_list>
   <object_component_list>
      <object_component id="oc-12">
         <name>.intvecs</name>
         <load_address>0x0</load_address>
         <run_address>0x0</run_address>
         <size>0x208</size>
         <input_file_ref idref="fl-5"/>
      </object_component>
      <object_component id="oc-c3">
         <name>.text</name>
         <load_address>0x208</load_address>
         <run_address>0x208</run_address>
         <size>0x2c8</size>
         <input_file_ref idref="fl-4"/>
      </object_component>
      <object_component id="oc-11b">
         <name>.text:GPIOPadConfigSet</name>
         <load_address>0x4d0</load_address>
         <run_address>0x4d0</run_address>
         <size>0x132</size>
         <input_file_ref idref="fl-b"/>
      </object_component>
      <object_component id="oc-c9">
         <name>.text</name>
         <load_address>0x604</load_address>
         <run_address>0x604</run_address>
         <size>0xcc</size>
         <input_file_ref idref="fl-2"/>
      </object_component>
      <object_component id="oc-3b">
         <name>.text</name>
         <load_address>0x6d0</load_address>
         <run_address>0x6d0</run_address>
         <size>0x9c</size>
         <input_file_ref idref="fl-c7"/>
      </object_component>
      <object_component id="oc-15">
         <name>.text:decompress:lzss:__TI_decompress_lzss</name>
         <load_address>0x76c</load_address>
         <run_address>0x76c</run_address>
         <size>0x68</size>
         <input_file_ref idref="fl-c5"/>
      </object_component>
      <object_component id="oc-9b">
         <name>.text</name>
         <load_address>0x7d4</load_address>
         <run_address>0x7d4</run_address>
         <size>0x4c</size>
         <input_file_ref idref="fl-3"/>
      </object_component>
      <object_component id="oc-e7">
         <name>.text:__TI_auto_init_nobinit_nopinit:__TI_auto_init_nobinit_nopinit</name>
         <load_address>0x820</load_address>
         <run_address>0x820</run_address>
         <size>0x44</size>
         <input_file_ref idref="fl-c9"/>
      </object_component>
      <object_component id="oc-59">
         <name>.text:_c_int00_noargs:_c_int00_noargs</name>
         <load_address>0x864</load_address>
         <run_address>0x864</run_address>
         <size>0x34</size>
         <input_file_ref idref="fl-c6"/>
      </object_component>
      <object_component id="oc-139">
         <name>.text:GPIODirModeSet</name>
         <load_address>0x898</load_address>
         <run_address>0x898</run_address>
         <size>0x2a</size>
         <input_file_ref idref="fl-b"/>
      </object_component>
      <object_component id="oc-cf">
         <name>.text:GPIOPinTypeGPIOOutput</name>
         <load_address>0x8c2</load_address>
         <run_address>0x8c2</run_address>
         <size>0x18</size>
         <input_file_ref idref="fl-b"/>
      </object_component>
      <object_component id="oc-121">
         <name>.text:GPIOPinTypeEthernetLED</name>
         <load_address>0x8da</load_address>
         <run_address>0x8da</run_address>
         <size>0x12</size>
         <input_file_ref idref="fl-b"/>
      </object_component>
      <object_component id="oc-1b">
         <name>.text:decompress:none:__TI_decompress_none</name>
         <load_address>0x8ec</load_address>
         <run_address>0x8ec</run_address>
         <size>0xe</size>
         <input_file_ref idref="fl-c4"/>
      </object_component>
      <object_component id="oc-27">
         <name>.text</name>
         <load_address>0x8fa</load_address>
         <run_address>0x8fa</run_address>
         <size>0xc</size>
         <input_file_ref idref="fl-5"/>
      </object_component>
      <object_component id="oc-12d">
         <name>.text:GPIOPinRead</name>
         <load_address>0x906</load_address>
         <run_address>0x906</run_address>
         <size>0x6</size>
         <input_file_ref idref="fl-b"/>
      </object_component>
      <object_component id="oc-127">
         <name>.text:GPIOPinWrite</name>
         <load_address>0x90c</load_address>
         <run_address>0x90c</run_address>
         <size>0x6</size>
         <input_file_ref idref="fl-b"/>
      </object_component>
      <object_component id="oc-95">
         <name>.text:_system_pre_init</name>
         <load_address>0x912</load_address>
         <run_address>0x912</run_address>
         <size>0x4</size>
         <input_file_ref idref="fl-ca"/>
      </object_component>
      <object_component id="oc-db">
         <name>.text:abort:abort</name>
         <load_address>0x916</load_address>
         <run_address>0x916</run_address>
         <size>0x4</size>
         <input_file_ref idref="fl-cc"/>
      </object_component>
      <object_component id="oc-1ca">
         <name>__TI_handler_table</name>
         <load_address>0x920</load_address>
         <run_address>0x920</run_address>
         <size>0x8</size>
      </object_component>
      <object_component id="oc-1cc">
         <name>.cinit..data.load</name>
         <load_address>0x928</load_address>
         <run_address>0x928</run_address>
         <size>0x7</size>
      </object_component>
      <object_component id="oc-1cb">
         <name>__TI_cinit_table</name>
         <load_address>0x930</load_address>
         <run_address>0x930</run_address>
         <size>0x8</size>
      </object_component>
      <object_component id="oc-135">
         <name>.data</name>
         <load_address>0x20000200</load_address>
         <run_address>0x20000200</run_address>
         <size>0x3</size>
         <input_file_ref idref="fl-2"/>
      </object_component>
      <object_component id="oc-24">
         <name>.stack</name>
         <uninitialized>true</uninitialized>
         <run_address>0x20000000</run_address>
         <size>0x4</size>
         <input_file_ref idref="fl-c6"/>
      </object_component>
      <object_component id="oc-1ce">
         <name>.stack</name>
         <uninitialized>true</uninitialized>
         <run_address>0x20000000</run_address>
         <size>0x0</size>
      </object_component>
      <object_component id="oc-b2">
         <name>.debug_info</name>
         <load_address>0x0</load_address>
         <run_address>0x0</run_address>
         <size>0x2ec</size>
         <input_file_ref idref="fl-2"/>
      </object_component>
      <object_component id="oc-136">
         <name>.debug_info</name>
         <load_address>0x2ec</load_address>
         <run_address>0x2ec</run_address>
         <size>0x126</size>
         <input_file_ref idref="fl-2"/>
      </object_component>
      <object_component id="oc-ca">
         <name>.debug_info</name>
         <load_address>0x412</load_address>
         <run_address>0x412</run_address>
         <size>0x3eb</size>
         <input_file_ref idref="fl-2"/>
      </object_component>
      <object_component id="oc-70">
         <name>.debug_info</name>
         <load_address>0x7fd</load_address>
         <run_address>0x7fd</run_address>
         <size>0x26b</size>
         <input_file_ref idref="fl-2"/>
      </object_component>
      <object_component id="oc-36">
         <name>.debug_info</name>
         <load_address>0xa68</load_address>
         <run_address>0xa68</run_address>
         <size>0x84</size>
         <input_file_ref idref="fl-2"/>
      </object_component>
      <object_component id="oc-ad">
         <name>.debug_info</name>
         <load_address>0xaec</load_address>
         <run_address>0xaec</run_address>
         <size>0x2a4</size>
         <input_file_ref idref="fl-2"/>
      </object_component>
      <object_component id="oc-75">
         <name>.debug_info</name>
         <load_address>0xd90</load_address>
         <run_address>0xd90</run_address>
         <size>0xbb</size>
         <input_file_ref idref="fl-2"/>
      </object_component>
      <object_component id="oc-9e">
         <name>.debug_info</name>
         <load_address>0xe4b</load_address>
         <run_address>0xe4b</run_address>
         <size>0x19c</size>
         <input_file_ref idref="fl-3"/>
      </object_component>
      <object_component id="oc-d6">
         <name>.debug_info</name>
         <load_address>0xfe7</load_address>
         <run_address>0xfe7</run_address>
         <size>0x8b</size>
         <input_file_ref idref="fl-3"/>
      </object_component>
      <object_component id="oc-134">
         <name>.debug_info</name>
         <load_address>0x1072</load_address>
         <run_address>0x1072</run_address>
         <size>0x39d</size>
         <input_file_ref idref="fl-4"/>
      </object_component>
      <object_component id="oc-c5">
         <name>.debug_info</name>
         <load_address>0x140f</load_address>
         <run_address>0x140f</run_address>
         <size>0x665</size>
         <input_file_ref idref="fl-4"/>
      </object_component>
      <object_component id="oc-2f">
         <name>.debug_info</name>
         <load_address>0x1a74</load_address>
         <run_address>0x1a74</run_address>
         <size>0x2ab</size>
         <input_file_ref idref="fl-5"/>
      </object_component>
      <object_component id="oc-13">
         <name>.debug_info</name>
         <load_address>0x1d1f</load_address>
         <run_address>0x1d1f</run_address>
         <size>0xea</size>
         <input_file_ref idref="fl-5"/>
      </object_component>
      <object_component id="oc-2a">
         <name>.debug_info</name>
         <load_address>0x1e09</load_address>
         <run_address>0x1e09</run_address>
         <size>0x269</size>
         <input_file_ref idref="fl-5"/>
      </object_component>
      <object_component id="oc-145">
         <name>.debug_info</name>
         <load_address>0x2072</load_address>
         <run_address>0x2072</run_address>
         <size>0x240</size>
         <input_file_ref idref="fl-b"/>
      </object_component>
      <object_component id="oc-129">
         <name>.debug_info</name>
         <load_address>0x22b2</load_address>
         <run_address>0x22b2</run_address>
         <size>0x2a3</size>
         <input_file_ref idref="fl-b"/>
      </object_component>
      <object_component id="oc-13b">
         <name>.debug_info</name>
         <load_address>0x2555</load_address>
         <run_address>0x2555</run_address>
         <size>0x2b3</size>
         <input_file_ref idref="fl-b"/>
      </object_component>
      <object_component id="oc-11d">
         <name>.debug_info</name>
         <load_address>0x2808</load_address>
         <run_address>0x2808</run_address>
         <size>0x316</size>
         <input_file_ref idref="fl-b"/>
      </object_component>
      <object_component id="oc-d0">
         <name>.debug_info</name>
         <load_address>0x2b1e</load_address>
         <run_address>0x2b1e</run_address>
         <size>0x2b7</size>
         <input_file_ref idref="fl-b"/>
      </object_component>
      <object_component id="oc-122">
         <name>.debug_info</name>
         <load_address>0x2dd5</load_address>
         <run_address>0x2dd5</run_address>
         <size>0x289</size>
         <input_file_ref idref="fl-b"/>
      </object_component>
      <object_component id="oc-12e">
         <name>.debug_info</name>
         <load_address>0x305e</load_address>
         <run_address>0x305e</run_address>
         <size>0x27b</size>
         <input_file_ref idref="fl-b"/>
      </object_component>
      <object_component id="oc-140">
         <name>.debug_info</name>
         <load_address>0x32d9</load_address>
         <run_address>0x32d9</run_address>
         <size>0x18b</size>
         <input_file_ref idref="fl-b"/>
      </object_component>
      <object_component id="oc-46">
         <name>.debug_info</name>
         <load_address>0x3464</load_address>
         <run_address>0x3464</run_address>
         <size>0x2a8</size>
         <input_file_ref idref="fl-c4"/>
      </object_component>
      <object_component id="oc-1d">
         <name>.debug_info</name>
         <load_address>0x370c</load_address>
         <run_address>0x370c</run_address>
         <size>0x1ea</size>
         <input_file_ref idref="fl-c4"/>
      </object_component>
      <object_component id="oc-41">
         <name>.debug_info</name>
         <load_address>0x38f6</load_address>
         <run_address>0x38f6</run_address>
         <size>0x46</size>
         <input_file_ref idref="fl-c4"/>
      </object_component>
      <object_component id="oc-81">
         <name>.debug_info</name>
         <load_address>0x393c</load_address>
         <run_address>0x393c</run_address>
         <size>0x2c</size>
         <input_file_ref idref="fl-c4"/>
      </object_component>
      <object_component id="oc-7f">
         <name>.debug_info</name>
         <load_address>0x3968</load_address>
         <run_address>0x3968</run_address>
         <size>0x29e</size>
         <input_file_ref idref="fl-c5"/>
      </object_component>
      <object_component id="oc-17">
         <name>.debug_info</name>
         <load_address>0x3c06</load_address>
         <run_address>0x3c06</run_address>
         <size>0x250</size>
         <input_file_ref idref="fl-c5"/>
      </object_component>
      <object_component id="oc-31">
         <name>.debug_info</name>
         <load_address>0x3e56</load_address>
         <run_address>0x3e56</run_address>
         <size>0x60</size>
         <input_file_ref idref="fl-c5"/>
      </object_component>
      <object_component id="oc-b3">
         <name>.debug_info</name>
         <load_address>0x3eb6</load_address>
         <run_address>0x3eb6</run_address>
         <size>0x46</size>
         <input_file_ref idref="fl-c5"/>
      </object_component>
      <object_component id="oc-7a">
         <name>.debug_info</name>
         <load_address>0x3efc</load_address>
         <run_address>0x3efc</run_address>
         <size>0x39</size>
         <input_file_ref idref="fl-c5"/>
      </object_component>
      <object_component id="oc-25">
         <name>.debug_info</name>
         <load_address>0x3f35</load_address>
         <run_address>0x3f35</run_address>
         <size>0x10b</size>
         <input_file_ref idref="fl-c6"/>
      </object_component>
      <object_component id="oc-5c">
         <name>.debug_info</name>
         <load_address>0x4040</load_address>
         <run_address>0x4040</run_address>
         <size>0x1a9</size>
         <input_file_ref idref="fl-c6"/>
      </object_component>
      <object_component id="oc-3c">
         <name>.debug_info</name>
         <load_address>0x41e9</load_address>
         <run_address>0x41e9</run_address>
         <size>0x119</size>
         <input_file_ref idref="fl-c7"/>
      </object_component>
      <object_component id="oc-151">
         <name>.debug_info</name>
         <load_address>0x4302</load_address>
         <run_address>0x4302</run_address>
         <size>0x4b3</size>
         <input_file_ref idref="fl-c9"/>
      </object_component>
      <object_component id="oc-ea">
         <name>.debug_info</name>
         <load_address>0x47b5</load_address>
         <run_address>0x47b5</run_address>
         <size>0x1a6</size>
         <input_file_ref idref="fl-c9"/>
      </object_component>
      <object_component id="oc-181">
         <name>.debug_info</name>
         <load_address>0x495b</load_address>
         <run_address>0x495b</run_address>
         <size>0x39</size>
         <input_file_ref idref="fl-c9"/>
      </object_component>
      <object_component id="oc-195">
         <name>.debug_info</name>
         <load_address>0x4994</load_address>
         <run_address>0x4994</run_address>
         <size>0x39</size>
         <input_file_ref idref="fl-c9"/>
      </object_component>
      <object_component id="oc-186">
         <name>.debug_info</name>
         <load_address>0x49cd</load_address>
         <run_address>0x49cd</run_address>
         <size>0x39</size>
         <input_file_ref idref="fl-c9"/>
      </object_component>
      <object_component id="oc-18b">
         <name>.debug_info</name>
         <load_address>0x4a06</load_address>
         <run_address>0x4a06</run_address>
         <size>0xcd</size>
         <input_file_ref idref="fl-c9"/>
      </object_component>
      <object_component id="oc-98">
         <name>.debug_info</name>
         <load_address>0x4ad3</load_address>
         <run_address>0x4ad3</run_address>
         <size>0x153</size>
         <input_file_ref idref="fl-ca"/>
      </object_component>
      <object_component id="oc-df">
         <name>.debug_info</name>
         <load_address>0x4c26</load_address>
         <run_address>0x4c26</run_address>
         <size>0x122</size>
         <input_file_ref idref="fl-cc"/>
      </object_component>
      <object_component id="oc-1cf">
         <name>.debug_info</name>
         <load_address>0x4d48</load_address>
         <run_address>0x4d48</run_address>
         <size>0x9c</size>
      </object_component>
      <object_component id="oc-11a">
         <name>.debug_line</name>
         <load_address>0x0</load_address>
         <run_address>0x0</run_address>
         <size>0x56</size>
         <input_file_ref idref="fl-2"/>
      </object_component>
      <object_component id="oc-16d">
         <name>.debug_line</name>
         <load_address>0x56</load_address>
         <run_address>0x56</run_address>
         <size>0x75</size>
         <input_file_ref idref="fl-2"/>
      </object_component>
      <object_component id="oc-cd">
         <name>.debug_line</name>
         <load_address>0xcb</load_address>
         <run_address>0xcb</run_address>
         <size>0xd7</size>
         <input_file_ref idref="fl-2"/>
      </object_component>
      <object_component id="oc-73">
         <name>.debug_line</name>
         <load_address>0x1a2</load_address>
         <run_address>0x1a2</run_address>
         <size>0x6f</size>
         <input_file_ref idref="fl-2"/>
      </object_component>
      <object_component id="oc-39">
         <name>.debug_line</name>
         <load_address>0x211</load_address>
         <run_address>0x211</run_address>
         <size>0x20</size>
         <input_file_ref idref="fl-2"/>
      </object_component>
      <object_component id="oc-b0">
         <name>.debug_line</name>
         <load_address>0x231</load_address>
         <run_address>0x231</run_address>
         <size>0x73</size>
         <input_file_ref idref="fl-2"/>
      </object_component>
      <object_component id="oc-78">
         <name>.debug_line</name>
         <load_address>0x2a4</load_address>
         <run_address>0x2a4</run_address>
         <size>0x70</size>
         <input_file_ref idref="fl-2"/>
      </object_component>
      <object_component id="oc-9c">
         <name>.debug_line</name>
         <load_address>0x314</load_address>
         <run_address>0x314</run_address>
         <size>0x54</size>
         <input_file_ref idref="fl-3"/>
      </object_component>
      <object_component id="oc-d9">
         <name>.debug_line</name>
         <load_address>0x368</load_address>
         <run_address>0x368</run_address>
         <size>0x20</size>
         <input_file_ref idref="fl-3"/>
      </object_component>
      <object_component id="oc-16b">
         <name>.debug_line</name>
         <load_address>0x388</load_address>
         <run_address>0x388</run_address>
         <size>0x56</size>
         <input_file_ref idref="fl-4"/>
      </object_component>
      <object_component id="oc-c7">
         <name>.debug_line</name>
         <load_address>0x3de</load_address>
         <run_address>0x3de</run_address>
         <size>0x175</size>
         <input_file_ref idref="fl-4"/>
      </object_component>
      <object_component id="oc-6f">
         <name>.debug_line</name>
         <load_address>0x553</load_address>
         <run_address>0x553</run_address>
         <size>0x42</size>
         <input_file_ref idref="fl-5"/>
      </object_component>
      <object_component id="oc-2e">
         <name>.debug_line</name>
         <load_address>0x595</load_address>
         <run_address>0x595</run_address>
         <size>0x42</size>
         <input_file_ref idref="fl-5"/>
      </object_component>
      <object_component id="oc-28">
         <name>.debug_line</name>
         <load_address>0x5d7</load_address>
         <run_address>0x5d7</run_address>
         <size>0x9c</size>
         <input_file_ref idref="fl-5"/>
      </object_component>
      <object_component id="oc-170">
         <name>.debug_line</name>
         <load_address>0x673</load_address>
         <run_address>0x673</run_address>
         <size>0x82</size>
         <input_file_ref idref="fl-b"/>
      </object_component>
      <object_component id="oc-128">
         <name>.debug_line</name>
         <load_address>0x6f5</load_address>
         <run_address>0x6f5</run_address>
         <size>0x92</size>
         <input_file_ref idref="fl-b"/>
      </object_component>
      <object_component id="oc-13a">
         <name>.debug_line</name>
         <load_address>0x787</load_address>
         <run_address>0x787</run_address>
         <size>0x95</size>
         <input_file_ref idref="fl-b"/>
      </object_component>
      <object_component id="oc-11c">
         <name>.debug_line</name>
         <load_address>0x81c</load_address>
         <run_address>0x81c</run_address>
         <size>0xd1</size>
         <input_file_ref idref="fl-b"/>
      </object_component>
      <object_component id="oc-d3">
         <name>.debug_line</name>
         <load_address>0x8ed</load_address>
         <run_address>0x8ed</run_address>
         <size>0x99</size>
         <input_file_ref idref="fl-b"/>
      </object_component>
      <object_component id="oc-125">
         <name>.debug_line</name>
         <load_address>0x986</load_address>
         <run_address>0x986</run_address>
         <size>0x93</size>
         <input_file_ref idref="fl-b"/>
      </object_component>
      <object_component id="oc-131">
         <name>.debug_line</name>
         <load_address>0xa19</load_address>
         <run_address>0xa19</run_address>
         <size>0x92</size>
         <input_file_ref idref="fl-b"/>
      </object_component>
      <object_component id="oc-143">
         <name>.debug_line</name>
         <load_address>0xaab</load_address>
         <run_address>0xaab</run_address>
         <size>0x69</size>
         <input_file_ref idref="fl-b"/>
      </object_component>
      <object_component id="oc-87">
         <name>.debug_line</name>
         <load_address>0xb14</load_address>
         <run_address>0xb14</run_address>
         <size>0x20</size>
         <input_file_ref idref="fl-c4"/>
      </object_component>
      <object_component id="oc-20">
         <name>.debug_line</name>
         <load_address>0xb34</load_address>
         <run_address>0xb34</run_address>
         <size>0x55</size>
         <input_file_ref idref="fl-c4"/>
      </object_component>
      <object_component id="oc-44">
         <name>.debug_line</name>
         <load_address>0xb89</load_address>
         <run_address>0xb89</run_address>
         <size>0x3a</size>
         <input_file_ref idref="fl-c4"/>
      </object_component>
      <object_component id="oc-84">
         <name>.debug_line</name>
         <load_address>0xbc3</load_address>
         <run_address>0xbc3</run_address>
         <size>0x92</size>
         <input_file_ref idref="fl-c4"/>
      </object_component>
      <object_component id="oc-b9">
         <name>.debug_line</name>
         <load_address>0xc55</load_address>
         <run_address>0xc55</run_address>
         <size>0x20</size>
         <input_file_ref idref="fl-c5"/>
      </object_component>
      <object_component id="oc-1a">
         <name>.debug_line</name>
         <load_address>0xc75</load_address>
         <run_address>0xc75</run_address>
         <size>0xa9</size>
         <input_file_ref idref="fl-c5"/>
      </object_component>
      <object_component id="oc-34">
         <name>.debug_line</name>
         <load_address>0xd1e</load_address>
         <run_address>0xd1e</run_address>
         <size>0x3a</size>
         <input_file_ref idref="fl-c5"/>
      </object_component>
      <object_component id="oc-b6">
         <name>.debug_line</name>
         <load_address>0xd58</load_address>
         <run_address>0xd58</run_address>
         <size>0x9a</size>
         <input_file_ref idref="fl-c5"/>
      </object_component>
      <object_component id="oc-7d">
         <name>.debug_line</name>
         <load_address>0xdf2</load_address>
         <run_address>0xdf2</run_address>
         <size>0x96</size>
         <input_file_ref idref="fl-c5"/>
      </object_component>
      <object_component id="oc-6c">
         <name>.debug_line</name>
         <load_address>0xe88</load_address>
         <run_address>0xe88</run_address>
         <size>0x33</size>
         <input_file_ref idref="fl-c6"/>
      </object_component>
      <object_component id="oc-5a">
         <name>.debug_line</name>
         <load_address>0xebb</load_address>
         <run_address>0xebb</run_address>
         <size>0x45</size>
         <input_file_ref idref="fl-c6"/>
      </object_component>
      <object_component id="oc-3f">
         <name>.debug_line</name>
         <load_address>0xf00</load_address>
         <run_address>0xf00</run_address>
         <size>0x88</size>
         <input_file_ref idref="fl-c7"/>
      </object_component>
      <object_component id="oc-180">
         <name>.debug_line</name>
         <load_address>0xf88</load_address>
         <run_address>0xf88</run_address>
         <size>0xbf</size>
         <input_file_ref idref="fl-c9"/>
      </object_component>
      <object_component id="oc-e9">
         <name>.debug_line</name>
         <load_address>0x1047</load_address>
         <run_address>0x1047</run_address>
         <size>0x6f</size>
         <input_file_ref idref="fl-c9"/>
      </object_component>
      <object_component id="oc-184">
         <name>.debug_line</name>
         <load_address>0x10b6</load_address>
         <run_address>0x10b6</run_address>
         <size>0x2e</size>
         <input_file_ref idref="fl-c9"/>
      </object_component>
      <object_component id="oc-198">
         <name>.debug_line</name>
         <load_address>0x10e4</load_address>
         <run_address>0x10e4</run_address>
         <size>0x9a</size>
         <input_file_ref idref="fl-c9"/>
      </object_component>
      <object_component id="oc-189">
         <name>.debug_line</name>
         <load_address>0x117e</load_address>
         <run_address>0x117e</run_address>
         <size>0x97</size>
         <input_file_ref idref="fl-c9"/>
      </object_component>
      <object_component id="oc-18e">
         <name>.debug_line</name>
         <load_address>0x1215</load_address>
         <run_address>0x1215</run_address>
         <size>0x93</size>
         <input_file_ref idref="fl-c9"/>
      </object_component>
      <object_component id="oc-97">
         <name>.debug_line</name>
         <load_address>0x12a8</load_address>
         <run_address>0x12a8</run_address>
         <size>0x40</size>
         <input_file_ref idref="fl-ca"/>
      </object_component>
      <object_component id="oc-dc">
         <name>.debug_line</name>
         <load_address>0x12e8</load_address>
         <run_address>0x12e8</run_address>
         <size>0x3c</size>
         <input_file_ref idref="fl-cc"/>
      </object_component>
      <object_component id="oc-ce">
         <name>.debug_frame</name>
         <load_address>0x0</load_address>
         <run_address>0x0</run_address>
         <size>0x7c</size>
         <input_file_ref idref="fl-2"/>
      </object_component>
      <object_component id="oc-a0">
         <name>.debug_frame</name>
         <load_address>0x7c</load_address>
         <run_address>0x7c</run_address>
         <size>0x5c</size>
         <input_file_ref idref="fl-3"/>
      </object_component>
      <object_component id="oc-c8">
         <name>.debug_frame</name>
         <load_address>0xd8</load_address>
         <run_address>0xd8</run_address>
         <size>0x9c</size>
         <input_file_ref idref="fl-4"/>
      </object_component>
      <object_component id="oc-29">
         <name>.debug_frame</name>
         <load_address>0x174</load_address>
         <run_address>0x174</run_address>
         <size>0x90</size>
         <input_file_ref idref="fl-5"/>
      </object_component>
      <object_component id="oc-12c">
         <name>.debug_frame</name>
         <load_address>0x40c</load_address>
         <run_address>0x40c</run_address>
         <size>0x7f</size>
         <input_file_ref idref="fl-b"/>
      </object_component>
      <object_component id="oc-13e">
         <name>.debug_frame</name>
         <load_address>0x48b</load_address>
         <run_address>0x48b</run_address>
         <size>0x7f</size>
         <input_file_ref idref="fl-b"/>
      </object_component>
      <object_component id="oc-120">
         <name>.debug_frame</name>
         <load_address>0x50a</load_address>
         <run_address>0x50a</run_address>
         <size>0x8f</size>
         <input_file_ref idref="fl-b"/>
      </object_component>
      <object_component id="oc-d4">
         <name>.debug_frame</name>
         <load_address>0x599</load_address>
         <run_address>0x599</run_address>
         <size>0x8a</size>
         <input_file_ref idref="fl-b"/>
      </object_component>
      <object_component id="oc-126">
         <name>.debug_frame</name>
         <load_address>0x623</load_address>
         <run_address>0x623</run_address>
         <size>0x86</size>
         <input_file_ref idref="fl-b"/>
      </object_component>
      <object_component id="oc-132">
         <name>.debug_frame</name>
         <load_address>0x6a9</load_address>
         <run_address>0x6a9</run_address>
         <size>0x7f</size>
         <input_file_ref idref="fl-b"/>
      </object_component>
      <object_component id="oc-1f">
         <name>.debug_frame</name>
         <load_address>0x204</load_address>
         <run_address>0x204</run_address>
         <size>0x54</size>
         <input_file_ref idref="fl-c4"/>
      </object_component>
      <object_component id="oc-19">
         <name>.debug_frame</name>
         <load_address>0x258</load_address>
         <run_address>0x258</run_address>
         <size>0x60</size>
         <input_file_ref idref="fl-c5"/>
      </object_component>
      <object_component id="oc-5b">
         <name>.debug_frame</name>
         <load_address>0x2b8</load_address>
         <run_address>0x2b8</run_address>
         <size>0x50</size>
         <input_file_ref idref="fl-c6"/>
      </object_component>
      <object_component id="oc-e8">
         <name>.debug_frame</name>
         <load_address>0x308</load_address>
         <run_address>0x308</run_address>
         <size>0x5c</size>
         <input_file_ref idref="fl-c9"/>
      </object_component>
      <object_component id="oc-96">
         <name>.debug_frame</name>
         <load_address>0x364</load_address>
         <run_address>0x364</run_address>
         <size>0x54</size>
         <input_file_ref idref="fl-ca"/>
      </object_component>
      <object_component id="oc-dd">
         <name>.debug_frame</name>
         <load_address>0x3b8</load_address>
         <run_address>0x3b8</run_address>
         <size>0x54</size>
         <input_file_ref idref="fl-cc"/>
      </object_component>
      <object_component id="oc-119">
         <name>.debug_abbrev</name>
         <load_address>0x0</load_address>
         <run_address>0x0</run_address>
         <size>0x4b</size>
         <input_file_ref idref="fl-2"/>
      </object_component>
      <object_component id="oc-16c">
         <name>.debug_abbrev</name>
         <load_address>0x4b</load_address>
         <run_address>0x4b</run_address>
         <size>0x27</size>
         <input_file_ref idref="fl-2"/>
      </object_component>
      <object_component id="oc-138">
         <name>.debug_abbrev</name>
         <load_address>0x72</load_address>
         <run_address>0x72</run_address>
         <size>0xb8</size>
         <input_file_ref idref="fl-2"/>
      </object_component>
      <object_component id="oc-72">
         <name>.debug_abbrev</name>
         <load_address>0x12a</load_address>
         <run_address>0x12a</run_address>
         <size>0x69</size>
         <input_file_ref idref="fl-2"/>
      </object_component>
      <object_component id="oc-38">
         <name>.debug_abbrev</name>
         <load_address>0x193</load_address>
         <run_address>0x193</run_address>
         <size>0x1f</size>
         <input_file_ref idref="fl-2"/>
      </object_component>
      <object_component id="oc-af">
         <name>.debug_abbrev</name>
         <load_address>0x1b2</load_address>
         <run_address>0x1b2</run_address>
         <size>0x5c</size>
         <input_file_ref idref="fl-2"/>
      </object_component>
      <object_component id="oc-77">
         <name>.debug_abbrev</name>
         <load_address>0x20e</load_address>
         <run_address>0x20e</run_address>
         <size>0x24</size>
         <input_file_ref idref="fl-2"/>
      </object_component>
      <object_component id="oc-d5">
         <name>.debug_abbrev</name>
         <load_address>0x232</load_address>
         <run_address>0x232</run_address>
         <size>0x62</size>
         <input_file_ref idref="fl-3"/>
      </object_component>
      <object_component id="oc-d8">
         <name>.debug_abbrev</name>
         <load_address>0x294</load_address>
         <run_address>0x294</run_address>
         <size>0x1f</size>
         <input_file_ref idref="fl-3"/>
      </object_component>
      <object_component id="oc-16a">
         <name>.debug_abbrev</name>
         <load_address>0x2b3</load_address>
         <run_address>0x2b3</run_address>
         <size>0x6a</size>
         <input_file_ref idref="fl-4"/>
      </object_component>
      <object_component id="oc-133">
         <name>.debug_abbrev</name>
         <load_address>0x31d</load_address>
         <run_address>0x31d</run_address>
         <size>0xb6</size>
         <input_file_ref idref="fl-4"/>
      </object_component>
      <object_component id="oc-6e">
         <name>.debug_abbrev</name>
         <load_address>0x3d3</load_address>
         <run_address>0x3d3</run_address>
         <size>0x68</size>
         <input_file_ref idref="fl-5"/>
      </object_component>
      <object_component id="oc-2d">
         <name>.debug_abbrev</name>
         <load_address>0x43b</load_address>
         <run_address>0x43b</run_address>
         <size>0x29</size>
         <input_file_ref idref="fl-5"/>
      </object_component>
      <object_component id="oc-6d">
         <name>.debug_abbrev</name>
         <load_address>0x464</load_address>
         <run_address>0x464</run_address>
         <size>0xcb</size>
         <input_file_ref idref="fl-5"/>
      </object_component>
      <object_component id="oc-16f">
         <name>.debug_abbrev</name>
         <load_address>0x52f</load_address>
         <run_address>0x52f</run_address>
         <size>0x72</size>
         <input_file_ref idref="fl-b"/>
      </object_component>
      <object_component id="oc-168">
         <name>.debug_abbrev</name>
         <load_address>0x5a1</load_address>
         <run_address>0x5a1</run_address>
         <size>0x6c</size>
         <input_file_ref idref="fl-b"/>
      </object_component>
      <object_component id="oc-16e">
         <name>.debug_abbrev</name>
         <load_address>0x60d</load_address>
         <run_address>0x60d</run_address>
         <size>0x6c</size>
         <input_file_ref idref="fl-b"/>
      </object_component>
      <object_component id="oc-166">
         <name>.debug_abbrev</name>
         <load_address>0x679</load_address>
         <run_address>0x679</run_address>
         <size>0x6c</size>
         <input_file_ref idref="fl-b"/>
      </object_component>
      <object_component id="oc-13f">
         <name>.debug_abbrev</name>
         <load_address>0x6e5</load_address>
         <run_address>0x6e5</run_address>
         <size>0x7a</size>
         <input_file_ref idref="fl-b"/>
      </object_component>
      <object_component id="oc-167">
         <name>.debug_abbrev</name>
         <load_address>0x75f</load_address>
         <run_address>0x75f</run_address>
         <size>0x6c</size>
         <input_file_ref idref="fl-b"/>
      </object_component>
      <object_component id="oc-169">
         <name>.debug_abbrev</name>
         <load_address>0x7cb</load_address>
         <run_address>0x7cb</run_address>
         <size>0x6e</size>
         <input_file_ref idref="fl-b"/>
      </object_component>
      <object_component id="oc-142">
         <name>.debug_abbrev</name>
         <load_address>0x839</load_address>
         <run_address>0x839</run_address>
         <size>0x35</size>
         <input_file_ref idref="fl-b"/>
      </object_component>
      <object_component id="oc-86">
         <name>.debug_abbrev</name>
         <load_address>0x86e</load_address>
         <run_address>0x86e</run_address>
         <size>0x37</size>
         <input_file_ref idref="fl-c4"/>
      </object_component>
      <object_component id="oc-40">
         <name>.debug_abbrev</name>
         <load_address>0x8a5</load_address>
         <run_address>0x8a5</run_address>
         <size>0x74</size>
         <input_file_ref idref="fl-c4"/>
      </object_component>
      <object_component id="oc-43">
         <name>.debug_abbrev</name>
         <load_address>0x919</load_address>
         <run_address>0x919</run_address>
         <size>0x24</size>
         <input_file_ref idref="fl-c4"/>
      </object_component>
      <object_component id="oc-83">
         <name>.debug_abbrev</name>
         <load_address>0x93d</load_address>
         <run_address>0x93d</run_address>
         <size>0x24</size>
         <input_file_ref idref="fl-c4"/>
      </object_component>
      <object_component id="oc-b8">
         <name>.debug_abbrev</name>
         <load_address>0x961</load_address>
         <run_address>0x961</run_address>
         <size>0x37</size>
         <input_file_ref idref="fl-c5"/>
      </object_component>
      <object_component id="oc-30">
         <name>.debug_abbrev</name>
         <load_address>0x998</load_address>
         <run_address>0x998</run_address>
         <size>0x6f</size>
         <input_file_ref idref="fl-c5"/>
      </object_component>
      <object_component id="oc-33">
         <name>.debug_abbrev</name>
         <load_address>0xa07</load_address>
         <run_address>0xa07</run_address>
         <size>0x24</size>
         <input_file_ref idref="fl-c5"/>
      </object_component>
      <object_component id="oc-b5">
         <name>.debug_abbrev</name>
         <load_address>0xa2b</load_address>
         <run_address>0xa2b</run_address>
         <size>0x35</size>
         <input_file_ref idref="fl-c5"/>
      </object_component>
      <object_component id="oc-7c">
         <name>.debug_abbrev</name>
         <load_address>0xa60</load_address>
         <run_address>0xa60</run_address>
         <size>0x24</size>
         <input_file_ref idref="fl-c5"/>
      </object_component>
      <object_component id="oc-6b">
         <name>.debug_abbrev</name>
         <load_address>0xa84</load_address>
         <run_address>0xa84</run_address>
         <size>0x29</size>
         <input_file_ref idref="fl-c6"/>
      </object_component>
      <object_component id="oc-a4">
         <name>.debug_abbrev</name>
         <load_address>0xaad</load_address>
         <run_address>0xaad</run_address>
         <size>0x55</size>
         <input_file_ref idref="fl-c6"/>
      </object_component>
      <object_component id="oc-80">
         <name>.debug_abbrev</name>
         <load_address>0xb02</load_address>
         <run_address>0xb02</run_address>
         <size>0x3e</size>
         <input_file_ref idref="fl-c7"/>
      </object_component>
      <object_component id="oc-17f">
         <name>.debug_abbrev</name>
         <load_address>0xb40</load_address>
         <run_address>0xb40</run_address>
         <size>0xc0</size>
         <input_file_ref idref="fl-c9"/>
      </object_component>
      <object_component id="oc-150">
         <name>.debug_abbrev</name>
         <load_address>0xc00</load_address>
         <run_address>0xc00</run_address>
         <size>0x7e</size>
         <input_file_ref idref="fl-c9"/>
      </object_component>
      <object_component id="oc-183">
         <name>.debug_abbrev</name>
         <load_address>0xc7e</load_address>
         <run_address>0xc7e</run_address>
         <size>0x24</size>
         <input_file_ref idref="fl-c9"/>
      </object_component>
      <object_component id="oc-197">
         <name>.debug_abbrev</name>
         <load_address>0xca2</load_address>
         <run_address>0xca2</run_address>
         <size>0x24</size>
         <input_file_ref idref="fl-c9"/>
      </object_component>
      <object_component id="oc-188">
         <name>.debug_abbrev</name>
         <load_address>0xcc6</load_address>
         <run_address>0xcc6</run_address>
         <size>0x24</size>
         <input_file_ref idref="fl-c9"/>
      </object_component>
      <object_component id="oc-18d">
         <name>.debug_abbrev</name>
         <load_address>0xcea</load_address>
         <run_address>0xcea</run_address>
         <size>0x4b</size>
         <input_file_ref idref="fl-c9"/>
      </object_component>
      <object_component id="oc-c2">
         <name>.debug_abbrev</name>
         <load_address>0xd35</load_address>
         <run_address>0xd35</run_address>
         <size>0x55</size>
         <input_file_ref idref="fl-ca"/>
      </object_component>
      <object_component id="oc-146">
         <name>.debug_abbrev</name>
         <load_address>0xd8a</load_address>
         <run_address>0xd8a</run_address>
         <size>0x45</size>
         <input_file_ref idref="fl-cc"/>
      </object_component>
      <object_component id="oc-1d0">
         <name>.debug_abbrev</name>
         <load_address>0xdcf</load_address>
         <run_address>0xdcf</run_address>
         <size>0xf</size>
      </object_component>
      <object_component id="oc-74">
         <name>.debug_str</name>
         <load_address>0x0</load_address>
         <run_address>0x0</run_address>
         <size>0x2ad</size>
         <input_file_ref idref="fl-2"/>
      </object_component>
      <object_component id="oc-3a">
         <name>.debug_str</name>
         <load_address>0x2ad</load_address>
         <run_address>0x2ad</run_address>
         <size>0xfd</size>
         <input_file_ref idref="fl-2"/>
      </object_component>
      <object_component id="oc-b1">
         <name>.debug_str</name>
         <load_address>0x3aa</load_address>
         <run_address>0x3aa</run_address>
         <size>0x343</size>
         <input_file_ref idref="fl-2"/>
      </object_component>
      <object_component id="oc-79">
         <name>.debug_str</name>
         <load_address>0x6ed</load_address>
         <run_address>0x6ed</run_address>
         <size>0x145</size>
         <input_file_ref idref="fl-2"/>
      </object_component>
      <object_component id="oc-da">
         <name>.debug_str</name>
         <load_address>0x832</load_address>
         <run_address>0x832</run_address>
         <size>0xfd</size>
         <input_file_ref idref="fl-3"/>
      </object_component>
      <object_component id="oc-144">
         <name>.debug_str</name>
         <load_address>0x92f</load_address>
         <run_address>0x92f</run_address>
         <size>0x241</size>
         <input_file_ref idref="fl-b"/>
      </object_component>
      <object_component id="oc-45">
         <name>.debug_str</name>
         <load_address>0xb70</load_address>
         <run_address>0xb70</run_address>
         <size>0x10b</size>
         <input_file_ref idref="fl-c4"/>
      </object_component>
      <object_component id="oc-85">
         <name>.debug_str</name>
         <load_address>0xc7b</load_address>
         <run_address>0xc7b</run_address>
         <size>0x140</size>
         <input_file_ref idref="fl-c4"/>
      </object_component>
      <object_component id="oc-35">
         <name>.debug_str</name>
         <load_address>0xdbb</load_address>
         <run_address>0xdbb</run_address>
         <size>0x118</size>
         <input_file_ref idref="fl-c5"/>
      </object_component>
      <object_component id="oc-b7">
         <name>.debug_str</name>
         <load_address>0xed3</load_address>
         <run_address>0xed3</run_address>
         <size>0x16b</size>
         <input_file_ref idref="fl-c5"/>
      </object_component>
      <object_component id="oc-7e">
         <name>.debug_str</name>
         <load_address>0x103e</load_address>
         <run_address>0x103e</run_address>
         <size>0x158</size>
         <input_file_ref idref="fl-c5"/>
      </object_component>
      <object_component id="oc-185">
         <name>.debug_str</name>
         <load_address>0x1196</load_address>
         <run_address>0x1196</run_address>
         <size>0xed</size>
         <input_file_ref idref="fl-c9"/>
      </object_component>
      <object_component id="oc-199">
         <name>.debug_str</name>
         <load_address>0x1283</load_address>
         <run_address>0x1283</run_address>
         <size>0x157</size>
         <input_file_ref idref="fl-c9"/>
      </object_component>
      <object_component id="oc-18a">
         <name>.debug_str</name>
         <load_address>0x13da</load_address>
         <run_address>0x13da</run_address>
         <size>0x150</size>
         <input_file_ref idref="fl-c9"/>
      </object_component>
      <object_component id="oc-18f">
         <name>.debug_str</name>
         <load_address>0x152a</load_address>
         <run_address>0x152a</run_address>
         <size>0x197</size>
         <input_file_ref idref="fl-c9"/>
      </object_component>
      <object_component id="oc-cc">
         <name>.debug_aranges</name>
         <load_address>0x0</load_address>
         <run_address>0x0</run_address>
         <size>0x28</size>
         <input_file_ref idref="fl-2"/>
      </object_component>
      <object_component id="oc-9d">
         <name>.debug_aranges</name>
         <load_address>0x28</load_address>
         <run_address>0x28</run_address>
         <size>0x20</size>
         <input_file_ref idref="fl-3"/>
      </object_component>
      <object_component id="oc-c4">
         <name>.debug_aranges</name>
         <load_address>0x48</load_address>
         <run_address>0x48</run_address>
         <size>0x30</size>
         <input_file_ref idref="fl-4"/>
      </object_component>
      <object_component id="oc-2c">
         <name>.debug_aranges</name>
         <load_address>0x78</load_address>
         <run_address>0x78</run_address>
         <size>0x38</size>
         <input_file_ref idref="fl-5"/>
      </object_component>
      <object_component id="oc-12a">
         <name>.debug_aranges</name>
         <load_address>0xb0</load_address>
         <run_address>0xb0</run_address>
         <size>0x20</size>
         <input_file_ref idref="fl-b"/>
      </object_component>
      <object_component id="oc-13c">
         <name>.debug_aranges</name>
         <load_address>0xd0</load_address>
         <run_address>0xd0</run_address>
         <size>0x20</size>
         <input_file_ref idref="fl-b"/>
      </object_component>
      <object_component id="oc-11e">
         <name>.debug_aranges</name>
         <load_address>0xf0</load_address>
         <run_address>0xf0</run_address>
         <size>0x20</size>
         <input_file_ref idref="fl-b"/>
      </object_component>
      <object_component id="oc-d1">
         <name>.debug_aranges</name>
         <load_address>0x110</load_address>
         <run_address>0x110</run_address>
         <size>0x20</size>
         <input_file_ref idref="fl-b"/>
      </object_component>
      <object_component id="oc-123">
         <name>.debug_aranges</name>
         <load_address>0x130</load_address>
         <run_address>0x130</run_address>
         <size>0x20</size>
         <input_file_ref idref="fl-b"/>
      </object_component>
      <object_component id="oc-130">
         <name>.debug_aranges</name>
         <load_address>0x150</load_address>
         <run_address>0x150</run_address>
         <size>0x20</size>
         <input_file_ref idref="fl-b"/>
      </object_component>
      <object_component id="oc-1c">
         <name>.debug_aranges</name>
         <load_address>0x170</load_address>
         <run_address>0x170</run_address>
         <size>0x20</size>
         <input_file_ref idref="fl-c4"/>
      </object_component>
      <object_component id="oc-16">
         <name>.debug_aranges</name>
         <load_address>0x190</load_address>
         <run_address>0x190</run_address>
         <size>0x20</size>
         <input_file_ref idref="fl-c5"/>
      </object_component>
      <object_component id="oc-5e">
         <name>.debug_aranges</name>
         <load_address>0x1b0</load_address>
         <run_address>0x1b0</run_address>
         <size>0x20</size>
         <input_file_ref idref="fl-c6"/>
      </object_component>
      <object_component id="oc-3d">
         <name>.debug_aranges</name>
         <load_address>0x1d0</load_address>
         <run_address>0x1d0</run_address>
         <size>0x20</size>
         <input_file_ref idref="fl-c7"/>
      </object_component>
      <object_component id="oc-eb">
         <name>.debug_aranges</name>
         <load_address>0x1f0</load_address>
         <run_address>0x1f0</run_address>
         <size>0x20</size>
         <input_file_ref idref="fl-c9"/>
      </object_component>
      <object_component id="oc-9a">
         <name>.debug_aranges</name>
         <load_address>0x210</load_address>
         <run_address>0x210</run_address>
         <size>0x20</size>
         <input_file_ref idref="fl-ca"/>
      </object_component>
      <object_component id="oc-de">
         <name>.debug_aranges</name>
         <load_address>0x230</load_address>
         <run_address>0x230</run_address>
         <size>0x20</size>
         <input_file_ref idref="fl-cc"/>
      </object_component>
      <object_component id="oc-137">
         <name>.debug_pubnames</name>
         <load_address>0x0</load_address>
         <run_address>0x0</run_address>
         <size>0x28</size>
         <input_file_ref idref="fl-2"/>
      </object_component>
      <object_component id="oc-cb">
         <name>.debug_pubnames</name>
         <load_address>0x28</load_address>
         <run_address>0x28</run_address>
         <size>0x32</size>
         <input_file_ref idref="fl-2"/>
      </object_component>
      <object_component id="oc-9f">
         <name>.debug_pubnames</name>
         <load_address>0x5a</load_address>
         <run_address>0x5a</run_address>
         <size>0x1b</size>
         <input_file_ref idref="fl-3"/>
      </object_component>
      <object_component id="oc-c6">
         <name>.debug_pubnames</name>
         <load_address>0x75</load_address>
         <run_address>0x75</run_address>
         <size>0x39</size>
         <input_file_ref idref="fl-4"/>
      </object_component>
      <object_component id="oc-14">
         <name>.debug_pubnames</name>
         <load_address>0xae</load_address>
         <run_address>0xae</run_address>
         <size>0x23</size>
         <input_file_ref idref="fl-5"/>
      </object_component>
      <object_component id="oc-2b">
         <name>.debug_pubnames</name>
         <load_address>0xd1</load_address>
         <run_address>0xd1</run_address>
         <size>0x4c</size>
         <input_file_ref idref="fl-5"/>
      </object_component>
      <object_component id="oc-12b">
         <name>.debug_pubnames</name>
         <load_address>0x11d</load_address>
         <run_address>0x11d</run_address>
         <size>0x23</size>
         <input_file_ref idref="fl-b"/>
      </object_component>
      <object_component id="oc-13d">
         <name>.debug_pubnames</name>
         <load_address>0x140</load_address>
         <run_address>0x140</run_address>
         <size>0x25</size>
         <input_file_ref idref="fl-b"/>
      </object_component>
      <object_component id="oc-11f">
         <name>.debug_pubnames</name>
         <load_address>0x165</load_address>
         <run_address>0x165</run_address>
         <size>0x27</size>
         <input_file_ref idref="fl-b"/>
      </object_component>
      <object_component id="oc-d2">
         <name>.debug_pubnames</name>
         <load_address>0x18c</load_address>
         <run_address>0x18c</run_address>
         <size>0x2c</size>
         <input_file_ref idref="fl-b"/>
      </object_component>
      <object_component id="oc-124">
         <name>.debug_pubnames</name>
         <load_address>0x1b8</load_address>
         <run_address>0x1b8</run_address>
         <size>0x2d</size>
         <input_file_ref idref="fl-b"/>
      </object_component>
      <object_component id="oc-12f">
         <name>.debug_pubnames</name>
         <load_address>0x1e5</load_address>
         <run_address>0x1e5</run_address>
         <size>0x22</size>
         <input_file_ref idref="fl-b"/>
      </object_component>
      <object_component id="oc-1e">
         <name>.debug_pubnames</name>
         <load_address>0x207</load_address>
         <run_address>0x207</run_address>
         <size>0x2b</size>
         <input_file_ref idref="fl-c4"/>
      </object_component>
      <object_component id="oc-18">
         <name>.debug_pubnames</name>
         <load_address>0x232</load_address>
         <run_address>0x232</run_address>
         <size>0x2b</size>
         <input_file_ref idref="fl-c5"/>
      </object_component>
      <object_component id="oc-26">
         <name>.debug_pubnames</name>
         <load_address>0x25d</load_address>
         <run_address>0x25d</run_address>
         <size>0x1e</size>
         <input_file_ref idref="fl-c6"/>
      </object_component>
      <object_component id="oc-5d">
         <name>.debug_pubnames</name>
         <load_address>0x27b</load_address>
         <run_address>0x27b</run_address>
         <size>0x26</size>
         <input_file_ref idref="fl-c6"/>
      </object_component>
      <object_component id="oc-3e">
         <name>.debug_pubnames</name>
         <load_address>0x2a1</load_address>
         <run_address>0x2a1</run_address>
         <size>0x1d</size>
         <input_file_ref idref="fl-c7"/>
      </object_component>
      <object_component id="oc-ec">
         <name>.debug_pubnames</name>
         <load_address>0x2be</load_address>
         <run_address>0x2be</run_address>
         <size>0x35</size>
         <input_file_ref idref="fl-c9"/>
      </object_component>
      <object_component id="oc-99">
         <name>.debug_pubnames</name>
         <load_address>0x2f3</load_address>
         <run_address>0x2f3</run_address>
         <size>0x27</size>
         <input_file_ref idref="fl-ca"/>
      </object_component>
      <object_component id="oc-e0">
         <name>.debug_pubnames</name>
         <load_address>0x31a</load_address>
         <run_address>0x31a</run_address>
         <size>0x1c</size>
         <input_file_ref idref="fl-cc"/>
      </object_component>
      <object_component id="oc-71">
         <name>.debug_pubtypes</name>
         <load_address>0x0</load_address>
         <run_address>0x0</run_address>
         <size>0x25c</size>
         <input_file_ref idref="fl-2"/>
      </object_component>
      <object_component id="oc-37">
         <name>.debug_pubtypes</name>
         <load_address>0x25c</load_address>
         <run_address>0x25c</run_address>
         <size>0xed</size>
         <input_file_ref idref="fl-2"/>
      </object_component>
      <object_component id="oc-ae">
         <name>.debug_pubtypes</name>
         <load_address>0x349</load_address>
         <run_address>0x349</run_address>
         <size>0x330</size>
         <input_file_ref idref="fl-2"/>
      </object_component>
      <object_component id="oc-76">
         <name>.debug_pubtypes</name>
         <load_address>0x679</load_address>
         <run_address>0x679</run_address>
         <size>0xaa</size>
         <input_file_ref idref="fl-2"/>
      </object_component>
      <object_component id="oc-d7">
         <name>.debug_pubtypes</name>
         <load_address>0x723</load_address>
         <run_address>0x723</run_address>
         <size>0xff</size>
         <input_file_ref idref="fl-3"/>
      </object_component>
      <object_component id="oc-141">
         <name>.debug_pubtypes</name>
         <load_address>0x822</load_address>
         <run_address>0x822</run_address>
         <size>0x1c6</size>
         <input_file_ref idref="fl-b"/>
      </object_component>
      <object_component id="oc-42">
         <name>.debug_pubtypes</name>
         <load_address>0x9e8</load_address>
         <run_address>0x9e8</run_address>
         <size>0x48</size>
         <input_file_ref idref="fl-c4"/>
      </object_component>
      <object_component id="oc-82">
         <name>.debug_pubtypes</name>
         <load_address>0xa30</load_address>
         <run_address>0xa30</run_address>
         <size>0x1d</size>
         <input_file_ref idref="fl-c4"/>
      </object_component>
      <object_component id="oc-32">
         <name>.debug_pubtypes</name>
         <load_address>0xa4d</load_address>
         <run_address>0xa4d</run_address>
         <size>0x5d</size>
         <input_file_ref idref="fl-c5"/>
      </object_component>
      <object_component id="oc-b4">
         <name>.debug_pubtypes</name>
         <load_address>0xaaa</load_address>
         <run_address>0xaaa</run_address>
         <size>0x48</size>
         <input_file_ref idref="fl-c5"/>
      </object_component>
      <object_component id="oc-7b">
         <name>.debug_pubtypes</name>
         <load_address>0xaf2</load_address>
         <run_address>0xaf2</run_address>
         <size>0x35</size>
         <input_file_ref idref="fl-c5"/>
      </object_component>
      <object_component id="oc-182">
         <name>.debug_pubtypes</name>
         <load_address>0xb27</load_address>
         <run_address>0xb27</run_address>
         <size>0x32</size>
         <input_file_ref idref="fl-c9"/>
      </object_component>
      <object_component id="oc-196">
         <name>.debug_pubtypes</name>
         <load_address>0xb59</load_address>
         <run_address>0xb59</run_address>
         <size>0x30</size>
         <input_file_ref idref="fl-c9"/>
      </object_component>
      <object_component id="oc-187">
         <name>.debug_pubtypes</name>
         <load_address>0xb89</load_address>
         <run_address>0xb89</run_address>
         <size>0x2c</size>
         <input_file_ref idref="fl-c9"/>
      </object_component>
      <object_component id="oc-18c">
         <name>.debug_pubtypes</name>
         <load_address>0xbb5</load_address>
         <run_address>0xbb5</run_address>
         <size>0x50</size>
         <input_file_ref idref="fl-c9"/>
      </object_component>
   </object_component_list>
   <logical_group_list>
      <logical_group id="lg-3" display="no" color="cyan">
         <name>.intvecs</name>
         <load_address>0x0</load_address>
         <run_address>0x0</run_address>
         <size>0x208</size>
         <contents>
            <object_component_ref idref="oc-12"/>
         </contents>
      </logical_group>
      <logical_group id="lg-4" display="no" color="cyan">
         <name>.text</name>
         <load_address>0x208</load_address>
         <run_address>0x208</run_address>
         <size>0x712</size>
         <contents>
            <object_component_ref idref="oc-c3"/>
            <object_component_ref idref="oc-11b"/>
            <object_component_ref idref="oc-c9"/>
            <object_component_ref idref="oc-3b"/>
            <object_component_ref idref="oc-15"/>
            <object_component_ref idref="oc-9b"/>
            <object_component_ref idref="oc-e7"/>
            <object_component_ref idref="oc-59"/>
            <object_component_ref idref="oc-139"/>
            <object_component_ref idref="oc-cf"/>
            <object_component_ref idref="oc-121"/>
            <object_component_ref idref="oc-1b"/>
            <object_component_ref idref="oc-27"/>
            <object_component_ref idref="oc-12d"/>
            <object_component_ref idref="oc-127"/>
            <object_component_ref idref="oc-95"/>
            <object_component_ref idref="oc-db"/>
         </contents>
      </logical_group>
      <logical_group id="lg-5" display="no" color="cyan">
         <name>.const</name>
         <run_address>0x0</run_address>
         <size>0x0</size>
         <contents>
         </contents>
      </logical_group>
      <logical_group id="lg-6" display="no" color="cyan">
         <name>.cinit</name>
         <load_address>0x920</load_address>
         <run_address>0x920</run_address>
         <size>0x18</size>
         <contents>
            <object_component_ref idref="oc-1ca"/>
            <object_component_ref idref="oc-1cc"/>
            <object_component_ref idref="oc-1cb"/>
         </contents>
      </logical_group>
      <logical_group id="lg-7" display="no" color="cyan">
         <name>.pinit</name>
         <run_address>0x0</run_address>
         <size>0x0</size>
         <contents>
         </contents>
      </logical_group>
      <logical_group id="lg-8" display="no" color="cyan">
         <name>.init_array</name>
         <run_address>0x0</run_address>
         <size>0x0</size>
         <contents>
         </contents>
      </logical_group>
      <logical_group id="lg-9" display="no" color="cyan">
         <name>.vtable</name>
         <run_address>0x0</run_address>
         <size>0x0</size>
         <contents>
         </contents>
      </logical_group>
      <logical_group id="lg-a" display="no" color="cyan">
         <name>.data</name>
         <run_address>0x20000200</run_address>
         <size>0x3</size>
         <contents>
            <object_component_ref idref="oc-135"/>
         </contents>
      </logical_group>
      <logical_group id="lg-b" display="no" color="cyan">
         <name>.bss</name>
         <run_address>0x0</run_address>
         <size>0x0</size>
         <contents>
         </contents>
      </logical_group>
      <logical_group id="lg-c" display="no" color="cyan">
         <name>.sysmem</name>
         <run_address>0x0</run_address>
         <size>0x0</size>
         <contents>
         </contents>
      </logical_group>
      <logical_group id="lg-d" display="no" color="cyan">
         <name>.stack</name>
         <run_address>0x20000000</run_address>
         <size>0x200</size>
         <contents>
            <object_component_ref idref="oc-24"/>
            <object_component_ref idref="oc-1ce"/>
         </contents>
      </logical_group>
      <logical_group id="lg-1a1" display="no" color="cyan">
         <name>.TI.noinit</name>
         <run_address>0x0</run_address>
         <size>0x0</size>
         <contents>
         </contents>
      </logical_group>
      <logical_group id="lg-1a2" display="no" color="cyan">
         <name>.TI.persistent</name>
         <run_address>0x0</run_address>
         <size>0x0</size>
         <contents>
         </contents>
      </logical_group>
      <logical_group id="lg-1a3" display="no" color="cyan">
         <name>__llvm_prf_cnts</name>
         <run_address>0x20000000</run_address>
         <size>0x0</size>
         <contents>
         </contents>
      </logical_group>
      <logical_group id="lg-1b2" display="never" color="cyan">
         <name>.debug_info</name>
         <load_address>0x0</load_address>
         <run_address>0x0</run_address>
         <size>0x4de4</size>
         <contents>
            <object_component_ref idref="oc-b2"/>
            <object_component_ref idref="oc-136"/>
            <object_component_ref idref="oc-ca"/>
            <object_component_ref idref="oc-70"/>
            <object_component_ref idref="oc-36"/>
            <object_component_ref idref="oc-ad"/>
            <object_component_ref idref="oc-75"/>
            <object_component_ref idref="oc-9e"/>
            <object_component_ref idref="oc-d6"/>
            <object_component_ref idref="oc-134"/>
            <object_component_ref idref="oc-c5"/>
            <object_component_ref idref="oc-2f"/>
            <object_component_ref idref="oc-13"/>
            <object_component_ref idref="oc-2a"/>
            <object_component_ref idref="oc-145"/>
            <object_component_ref idref="oc-129"/>
            <object_component_ref idref="oc-13b"/>
            <object_component_ref idref="oc-11d"/>
            <object_component_ref idref="oc-d0"/>
            <object_component_ref idref="oc-122"/>
            <object_component_ref idref="oc-12e"/>
            <object_component_ref idref="oc-140"/>
            <object_component_ref idref="oc-46"/>
            <object_component_ref idref="oc-1d"/>
            <object_component_ref idref="oc-41"/>
            <object_component_ref idref="oc-81"/>
            <object_component_ref idref="oc-7f"/>
            <object_component_ref idref="oc-17"/>
            <object_component_ref idref="oc-31"/>
            <object_component_ref idref="oc-b3"/>
            <object_component_ref idref="oc-7a"/>
            <object_component_ref idref="oc-25"/>
            <object_component_ref idref="oc-5c"/>
            <object_component_ref idref="oc-3c"/>
            <object_component_ref idref="oc-151"/>
            <object_component_ref idref="oc-ea"/>
            <object_component_ref idref="oc-181"/>
            <object_component_ref idref="oc-195"/>
            <object_component_ref idref="oc-186"/>
            <object_component_ref idref="oc-18b"/>
            <object_component_ref idref="oc-98"/>
            <object_component_ref idref="oc-df"/>
            <object_component_ref idref="oc-1cf"/>
         </contents>
      </logical_group>
      <logical_group id="lg-1b4" display="never" color="cyan">
         <name>.debug_line</name>
         <load_address>0x0</load_address>
         <run_address>0x0</run_address>
         <size>0x1324</size>
         <contents>
            <object_component_ref idref="oc-11a"/>
            <object_component_ref idref="oc-16d"/>
            <object_component_ref idref="oc-cd"/>
            <object_component_ref idref="oc-73"/>
            <object_component_ref idref="oc-39"/>
            <object_component_ref idref="oc-b0"/>
            <object_component_ref idref="oc-78"/>
            <object_component_ref idref="oc-9c"/>
            <object_component_ref idref="oc-d9"/>
            <object_component_ref idref="oc-16b"/>
            <object_component_ref idref="oc-c7"/>
            <object_component_ref idref="oc-6f"/>
            <object_component_ref idref="oc-2e"/>
            <object_component_ref idref="oc-28"/>
            <object_component_ref idref="oc-170"/>
            <object_component_ref idref="oc-128"/>
            <object_component_ref idref="oc-13a"/>
            <object_component_ref idref="oc-11c"/>
            <object_component_ref idref="oc-d3"/>
            <object_component_ref idref="oc-125"/>
            <object_component_ref idref="oc-131"/>
            <object_component_ref idref="oc-143"/>
            <object_component_ref idref="oc-87"/>
            <object_component_ref idref="oc-20"/>
            <object_component_ref idref="oc-44"/>
            <object_component_ref idref="oc-84"/>
            <object_component_ref idref="oc-b9"/>
            <object_component_ref idref="oc-1a"/>
            <object_component_ref idref="oc-34"/>
            <object_component_ref idref="oc-b6"/>
            <object_component_ref idref="oc-7d"/>
            <object_component_ref idref="oc-6c"/>
            <object_component_ref idref="oc-5a"/>
            <object_component_ref idref="oc-3f"/>
            <object_component_ref idref="oc-180"/>
            <object_component_ref idref="oc-e9"/>
            <object_component_ref idref="oc-184"/>
            <object_component_ref idref="oc-198"/>
            <object_component_ref idref="oc-189"/>
            <object_component_ref idref="oc-18e"/>
            <object_component_ref idref="oc-97"/>
            <object_component_ref idref="oc-dc"/>
         </contents>
      </logical_group>
      <logical_group id="lg-1b6" display="never" color="cyan">
         <name>.debug_frame</name>
         <load_address>0x0</load_address>
         <run_address>0x0</run_address>
         <size>0x728</size>
         <contents>
            <object_component_ref idref="oc-ce"/>
            <object_component_ref idref="oc-a0"/>
            <object_component_ref idref="oc-c8"/>
            <object_component_ref idref="oc-29"/>
            <object_component_ref idref="oc-12c"/>
            <object_component_ref idref="oc-13e"/>
            <object_component_ref idref="oc-120"/>
            <object_component_ref idref="oc-d4"/>
            <object_component_ref idref="oc-126"/>
            <object_component_ref idref="oc-132"/>
            <object_component_ref idref="oc-1f"/>
            <object_component_ref idref="oc-19"/>
            <object_component_ref idref="oc-5b"/>
            <object_component_ref idref="oc-e8"/>
            <object_component_ref idref="oc-96"/>
            <object_component_ref idref="oc-dd"/>
         </contents>
      </logical_group>
      <logical_group id="lg-1b8" display="never" color="cyan">
         <name>.debug_abbrev</name>
         <load_address>0x0</load_address>
         <run_address>0x0</run_address>
         <size>0xdde</size>
         <contents>
            <object_component_ref idref="oc-119"/>
            <object_component_ref idref="oc-16c"/>
            <object_component_ref idref="oc-138"/>
            <object_component_ref idref="oc-72"/>
            <object_component_ref idref="oc-38"/>
            <object_component_ref idref="oc-af"/>
            <object_component_ref idref="oc-77"/>
            <object_component_ref idref="oc-d5"/>
            <object_component_ref idref="oc-d8"/>
            <object_component_ref idref="oc-16a"/>
            <object_component_ref idref="oc-133"/>
            <object_component_ref idref="oc-6e"/>
            <object_component_ref idref="oc-2d"/>
            <object_component_ref idref="oc-6d"/>
            <object_component_ref idref="oc-16f"/>
            <object_component_ref idref="oc-168"/>
            <object_component_ref idref="oc-16e"/>
            <object_component_ref idref="oc-166"/>
            <object_component_ref idref="oc-13f"/>
            <object_component_ref idref="oc-167"/>
            <object_component_ref idref="oc-169"/>
            <object_component_ref idref="oc-142"/>
            <object_component_ref idref="oc-86"/>
            <object_component_ref idref="oc-40"/>
            <object_component_ref idref="oc-43"/>
            <object_component_ref idref="oc-83"/>
            <object_component_ref idref="oc-b8"/>
            <object_component_ref idref="oc-30"/>
            <object_component_ref idref="oc-33"/>
            <object_component_ref idref="oc-b5"/>
            <object_component_ref idref="oc-7c"/>
            <object_component_ref idref="oc-6b"/>
            <object_component_ref idref="oc-a4"/>
            <object_component_ref idref="oc-80"/>
            <object_component_ref idref="oc-17f"/>
            <object_component_ref idref="oc-150"/>
            <object_component_ref idref="oc-183"/>
            <object_component_ref idref="oc-197"/>
            <object_component_ref idref="oc-188"/>
            <object_component_ref idref="oc-18d"/>
            <object_component_ref idref="oc-c2"/>
            <object_component_ref idref="oc-146"/>
            <object_component_ref idref="oc-1d0"/>
         </contents>
      </logical_group>
      <logical_group id="lg-1ba" display="never" color="cyan">
         <name>.debug_str</name>
         <load_address>0x0</load_address>
         <run_address>0x0</run_address>
         <size>0x16c1</size>
         <contents>
            <object_component_ref idref="oc-74"/>
            <object_component_ref idref="oc-3a"/>
            <object_component_ref idref="oc-b1"/>
            <object_component_ref idref="oc-79"/>
            <object_component_ref idref="oc-da"/>
            <object_component_ref idref="oc-144"/>
            <object_component_ref idref="oc-45"/>
            <object_component_ref idref="oc-85"/>
            <object_component_ref idref="oc-35"/>
            <object_component_ref idref="oc-b7"/>
            <object_component_ref idref="oc-7e"/>
            <object_component_ref idref="oc-185"/>
            <object_component_ref idref="oc-199"/>
            <object_component_ref idref="oc-18a"/>
            <object_component_ref idref="oc-18f"/>
         </contents>
      </logical_group>
      <logical_group id="lg-1bc" display="never" color="cyan">
         <name>.debug_aranges</name>
         <load_address>0x0</load_address>
         <run_address>0x0</run_address>
         <size>0x250</size>
         <contents>
            <object_component_ref idref="oc-cc"/>
            <object_component_ref idref="oc-9d"/>
            <object_component_ref idref="oc-c4"/>
            <object_component_ref idref="oc-2c"/>
            <object_component_ref idref="oc-12a"/>
            <object_component_ref idref="oc-13c"/>
            <object_component_ref idref="oc-11e"/>
            <object_component_ref idref="oc-d1"/>
            <object_component_ref idref="oc-123"/>
            <object_component_ref idref="oc-130"/>
            <object_component_ref idref="oc-1c"/>
            <object_component_ref idref="oc-16"/>
            <object_component_ref idref="oc-5e"/>
            <object_component_ref idref="oc-3d"/>
            <object_component_ref idref="oc-eb"/>
            <object_component_ref idref="oc-9a"/>
            <object_component_ref idref="oc-de"/>
         </contents>
      </logical_group>
      <logical_group id="lg-1be" display="never" color="cyan">
         <name>.debug_pubnames</name>
         <load_address>0x0</load_address>
         <run_address>0x0</run_address>
         <size>0x336</size>
         <contents>
            <object_component_ref idref="oc-137"/>
            <object_component_ref idref="oc-cb"/>
            <object_component_ref idref="oc-9f"/>
            <object_component_ref idref="oc-c6"/>
            <object_component_ref idref="oc-14"/>
            <object_component_ref idref="oc-2b"/>
            <object_component_ref idref="oc-12b"/>
            <object_component_ref idref="oc-13d"/>
            <object_component_ref idref="oc-11f"/>
            <object_component_ref idref="oc-d2"/>
            <object_component_ref idref="oc-124"/>
            <object_component_ref idref="oc-12f"/>
            <object_component_ref idref="oc-1e"/>
            <object_component_ref idref="oc-18"/>
            <object_component_ref idref="oc-26"/>
            <object_component_ref idref="oc-5d"/>
            <object_component_ref idref="oc-3e"/>
            <object_component_ref idref="oc-ec"/>
            <object_component_ref idref="oc-99"/>
            <object_component_ref idref="oc-e0"/>
         </contents>
      </logical_group>
      <logical_group id="lg-1c0" display="never" color="cyan">
         <name>.debug_pubtypes</name>
         <load_address>0x0</load_address>
         <run_address>0x0</run_address>
         <size>0xc05</size>
         <contents>
            <object_component_ref idref="oc-71"/>
            <object_component_ref idref="oc-37"/>
            <object_component_ref idref="oc-ae"/>
            <object_component_ref idref="oc-76"/>
            <object_component_ref idref="oc-d7"/>
            <object_component_ref idref="oc-141"/>
            <object_component_ref idref="oc-42"/>
            <object_component_ref idref="oc-82"/>
            <object_component_ref idref="oc-32"/>
            <object_component_ref idref="oc-b4"/>
            <object_component_ref idref="oc-7b"/>
            <object_component_ref idref="oc-182"/>
            <object_component_ref idref="oc-196"/>
            <object_component_ref idref="oc-187"/>
            <object_component_ref idref="oc-18c"/>
         </contents>
      </logical_group>
      <logical_group id="lg-1cd" display="no" color="cyan">
         <name>Veneer$$CMSE</name>
         <run_address>0x0</run_address>
         <size>0x0</size>
         <contents>
         </contents>
      </logical_group>
      <load_segment id="lg-1d3" display="no" color="cyan">
         <name>SEGMENT_0</name>
         <load_address>0x0</load_address>
         <run_address>0x0</run_address>
         <size>0x938</size>
         <flags>0x5</flags>
         <contents>
            <logical_group_ref idref="lg-3"/>
            <logical_group_ref idref="lg-4"/>
            <logical_group_ref idref="lg-6"/>
         </contents>
      </load_segment>
      <load_segment id="lg-1d4" display="no" color="cyan">
         <name>SEGMENT_1</name>
         <run_address>0x20000000</run_address>
         <size>0x203</size>
         <flags>0x6</flags>
         <contents>
            <logical_group_ref idref="lg-d"/>
            <logical_group_ref idref="lg-a"/>
         </contents>
      </load_segment>
   </logical_group_list>
   <placement_map>
      <memory_area display="yes" color="green">
         <name>FLASH</name>
         <page_id>0x0</page_id>
         <origin>0x0</origin>
         <length>0x100000</length>
         <used_space>0x932</used_space>
         <unused_space>0xff6ce</unused_space>
         <attributes>RX</attributes>
         <usage_details>
            <allocated_space>
               <start_address>0x0</start_address>
               <size>0x208</size>
               <logical_group_ref idref="lg-3"/>
            </allocated_space>
            <allocated_space>
               <start_address>0x208</start_address>
               <size>0x712</size>
               <logical_group_ref idref="lg-4"/>
            </allocated_space>
            <available_space>
               <start_address>0x91a</start_address>
               <size>0x6</size>
            </available_space>
            <allocated_space>
               <start_address>0x920</start_address>
               <size>0x18</size>
               <logical_group_ref idref="lg-6"/>
            </allocated_space>
            <available_space>
               <start_address>0x938</start_address>
               <size>0xff6c8</size>
            </available_space>
         </usage_details>
      </memory_area>
      <memory_area display="yes" color="green">
         <name>SRAM</name>
         <page_id>0x0</page_id>
         <origin>0x20000000</origin>
         <length>0x40000</length>
         <used_space>0x203</used_space>
         <unused_space>0x3fdfd</unused_space>
         <attributes>RWX</attributes>
         <usage_details>
            <allocated_space>
               <start_address>0x20000000</start_address>
               <size>0x0</size>
               <logical_group_ref idref="lg-1a3"/>
            </allocated_space>
            <allocated_space>
               <start_address>0x20000000</start_address>
               <size>0x200</size>
               <logical_group_ref idref="lg-d"/>
            </allocated_space>
            <allocated_space>
               <start_address>0x20000200</start_address>
               <size>0x3</size>
               <logical_group_ref idref="lg-a"/>
            </allocated_space>
            <available_space>
               <start_address>0x20000203</start_address>
               <size>0x3fdfd</size>
            </available_space>
         </usage_details>
      </memory_area>
   </placement_map>
   <cptbl_list>
      <cptbl>
         <name>__TI_cinit_table</name>
         <cprec>
            <name>.data</name>
            <load_address>0x928</load_address>
            <load_size>0x7</load_size>
            <run_address>0x20000200</run_address>
            <run_size>0x3</run_size>
            <compression>lzss</compression>
         </cprec>
      </cptbl>
   </cptbl_list>
   <handler_table>
      <handler_table_name>__TI_handler_table</handler_table_name>
      <handler>
         <index>0x0</index>
         <name>__TI_decompress_lzss</name>
      </handler>
      <handler>
         <index>0x1</index>
         <name>__TI_decompress_none</name>
      </handler>
   </handler_table>
   <symbol_table>
      <symbol id="sm-1">
         <name>__STACK_TOP</name>
         <value>0x20000200</value>
      </symbol>
      <symbol id="sm-2">
         <name>__start___llvm_prf_cnts</name>
         <value>0x20000000</value>
      </symbol>
      <symbol id="sm-3">
         <name>__stop___llvm_prf_cnts</name>
         <value>0x20000000</value>
      </symbol>
      <symbol id="sm-4">
         <name>__TI_CINIT_Base</name>
         <value>0x930</value>
      </symbol>
      <symbol id="sm-5">
         <name>__TI_CINIT_Limit</name>
         <value>0x938</value>
      </symbol>
      <symbol id="sm-6">
         <name>__TI_Handler_Table_Base</name>
         <value>0x920</value>
      </symbol>
      <symbol id="sm-7">
         <name>__TI_Handler_Table_Limit</name>
         <value>0x928</value>
      </symbol>
      <symbol id="sm-8">
         <name>binit</name>
         <value>0xffffffff</value>
      </symbol>
      <symbol id="sm-9">
         <name>__binit__</name>
         <value>0xffffffff</value>
      </symbol>
      <symbol id="sm-a">
         <name>__STACK_SIZE</name>
         <value>0x200</value>
      </symbol>
      <symbol id="sm-b">
         <name>__STACK_END</name>
         <value>0x20000200</value>
      </symbol>
      <symbol id="sm-c">
         <name>__c_args__</name>
         <value>0xffffffff</value>
      </symbol>
      <symbol id="sm-d">
         <name>__TI_pprof_out_hndl</name>
         <value>0xffffffff</value>
      </symbol>
      <symbol id="sm-e">
         <name>__TI_prof_data_start</name>
         <value>0xffffffff</value>
      </symbol>
      <symbol id="sm-f">
         <name>__TI_prof_data_size</name>
         <value>0xffffffff</value>
      </symbol>
      <symbol id="sm-5c">
         <name>ButtonsInit</name>
         <value>0x679</value>
         <object_component_ref idref="oc-c9"/>
      </symbol>
      <symbol id="sm-5d">
         <name>ButtonsPoll</name>
         <value>0x605</value>
         <object_component_ref idref="oc-c9"/>
      </symbol>
      <symbol id="sm-70">
         <name>main</name>
         <value>0x7d5</value>
         <object_component_ref idref="oc-9b"/>
      </symbol>
      <symbol id="sm-98">
         <name>LEDWrite</name>
         <value>0x3e5</value>
         <object_component_ref idref="oc-c3"/>
      </symbol>
      <symbol id="sm-99">
         <name>LEDRead</name>
         <value>0x449</value>
         <object_component_ref idref="oc-c3"/>
      </symbol>
      <symbol id="sm-9a">
         <name>PinoutSet</name>
         <value>0x209</value>
         <object_component_ref idref="oc-c3"/>
      </symbol>
      <symbol id="sm-b6">
         <name>ResetISR</name>
         <value>0x8fb</value>
         <object_component_ref idref="oc-27"/>
      </symbol>
      <symbol id="sm-b7">
         <name>g_pfnVectors</name>
         <value>0x0</value>
         <object_component_ref idref="oc-12"/>
      </symbol>
      <symbol id="sm-f3">
         <name>GPIOPinTypeGPIOOutput</name>
         <value>0x8c3</value>
         <object_component_ref idref="oc-cf"/>
      </symbol>
      <symbol id="sm-f4">
         <name>GPIOPinRead</name>
         <value>0x907</value>
         <object_component_ref idref="oc-12d"/>
      </symbol>
      <symbol id="sm-f5">
         <name>GPIODirModeSet</name>
         <value>0x899</value>
         <object_component_ref idref="oc-139"/>
      </symbol>
      <symbol id="sm-f6">
         <name>GPIOPinWrite</name>
         <value>0x90d</value>
         <object_component_ref idref="oc-127"/>
      </symbol>
      <symbol id="sm-f7">
         <name>GPIOPadConfigSet</name>
         <value>0x4d1</value>
         <object_component_ref idref="oc-11b"/>
      </symbol>
      <symbol id="sm-f8">
         <name>GPIOPinTypeEthernetLED</name>
         <value>0x8db</value>
         <object_component_ref idref="oc-121"/>
      </symbol>
      <symbol id="sm-112">
         <name>__TI_decompress_none</name>
         <value>0x8ed</value>
         <object_component_ref idref="oc-1b"/>
      </symbol>
      <symbol id="sm-135">
         <name>__TI_decompress_lzss</name>
         <value>0x76d</value>
         <object_component_ref idref="oc-15"/>
      </symbol>
      <symbol id="sm-148">
         <name>__stack</name>
         <value>0x20000000</value>
         <object_component_ref idref="oc-24"/>
      </symbol>
      <symbol id="sm-149">
         <name>_c_int00_noargs</name>
         <value>0x865</value>
         <object_component_ref idref="oc-59"/>
      </symbol>
      <symbol id="sm-164">
         <name>memcpy</name>
         <value>0x6d1</value>
         <object_component_ref idref="oc-3b"/>
      </symbol>
      <symbol id="sm-165">
         <name>__aeabi_memcpy</name>
         <value>0x6d1</value>
         <object_component_ref idref="oc-3b"/>
      </symbol>
      <symbol id="sm-166">
         <name>__aeabi_memcpy8</name>
         <value>0x6d1</value>
         <object_component_ref idref="oc-3b"/>
      </symbol>
      <symbol id="sm-167">
         <name>__aeabi_memcpy4</name>
         <value>0x6d1</value>
         <object_component_ref idref="oc-3b"/>
      </symbol>
      <symbol id="sm-190">
         <name>__TI_auto_init_nobinit_nopinit</name>
         <value>0x821</value>
         <object_component_ref idref="oc-e7"/>
      </symbol>
      <symbol id="sm-19a">
         <name>_system_pre_init</name>
         <value>0x913</value>
         <object_component_ref idref="oc-95"/>
      </symbol>
      <symbol id="sm-1a6">
         <name>C$$EXIT</name>
         <value>0x917</value>
         <object_component_ref idref="oc-db"/>
      </symbol>
      <symbol id="sm-1a7">
         <name>abort</name>
         <value>0x917</value>
         <object_component_ref idref="oc-db"/>
      </symbol>
      <symbol id="sm-1aa">
         <name>__TI_static_base__</name>
         <value>0x0</value>
      </symbol>
      <symbol id="sm-1ad">
         <name>__mpu_init</name>
         <value>0x0</value>
      </symbol>
      <symbol id="sm-1ae">
         <name>_system_post_cinit</name>
         <value>0x0</value>
      </symbol>
   </symbol_table>
   <title>Link successful</title>
</link_info>
