<?xml version="1.0" encoding="ISO-8859-1" ?>
<link_info>
   <banner>TI ARM Linker PC v18.1.4.LTS</banner>
   <copyright>Copyright (c) 1996-2018 Texas Instruments Incorporated</copyright>
   <link_time>0x64c515d4</link_time>
   <link_errors>0x0</link_errors>
   <output_file>LAB4B.out</output_file>
   <entry_point>
      <name>_c_int00_noargs</name>
      <address>0x489</address>
   </entry_point>
   <input_file_list>
      <input_file id="fl-2">
         <path>.\</path>
         <kind>object</kind>
         <file>LAB4.obj</file>
         <name>LAB4.obj</name>
      </input_file>
      <input_file id="fl-3">
         <path>.\</path>
         <kind>object</kind>
         <file>tm4c129encpdt_startup_ccs.obj</file>
         <name>tm4c129encpdt_startup_ccs.obj</name>
      </input_file>
      <input_file id="fl-4">
         <path>.\drivers\</path>
         <kind>object</kind>
         <file>Uart.obj</file>
         <name>Uart.obj</name>
      </input_file>
      <input_file id="fl-9">
         <kind>object</kind>
         <file>&lt;internal&gt;</file>
         <name>&lt;internal&gt;</name>
      </input_file>
      <input_file id="fl-bf">
         <path>C:\ti\ccsv8\tools\compiler\ti-cgt-arm_18.1.4.LTS\lib\</path>
         <kind>archive</kind>
         <file>rtsv7M4_T_le_v4SPD16_eabi.lib</file>
         <name>copy_zero_init.c.obj</name>
      </input_file>
      <input_file id="fl-c0">
         <path>C:\ti\ccsv8\tools\compiler\ti-cgt-arm_18.1.4.LTS\lib\</path>
         <kind>archive</kind>
         <file>rtsv7M4_T_le_v4SPD16_eabi.lib</file>
         <name>copy_decompress_none.c.obj</name>
      </input_file>
      <input_file id="fl-c1">
         <path>C:\ti\ccsv8\tools\compiler\ti-cgt-arm_18.1.4.LTS\lib\</path>
         <kind>archive</kind>
         <file>rtsv7M4_T_le_v4SPD16_eabi.lib</file>
         <name>copy_decompress_lzss.c.obj</name>
      </input_file>
      <input_file id="fl-c2">
         <path>C:\ti\ccsv8\tools\compiler\ti-cgt-arm_18.1.4.LTS\lib\</path>
         <kind>archive</kind>
         <file>rtsv7M4_T_le_v4SPD16_eabi.lib</file>
         <name>boot_cortex_m.c.obj</name>
      </input_file>
      <input_file id="fl-c3">
         <path>C:\ti\ccsv8\tools\compiler\ti-cgt-arm_18.1.4.LTS\lib\</path>
         <kind>archive</kind>
         <file>rtsv7M4_T_le_v4SPD16_eabi.lib</file>
         <name>exit.c.obj</name>
      </input_file>
      <input_file id="fl-c4">
         <path>C:\ti\ccsv8\tools\compiler\ti-cgt-arm_18.1.4.LTS\lib\</path>
         <kind>archive</kind>
         <file>rtsv7M4_T_le_v4SPD16_eabi.lib</file>
         <name>_lock.c.obj</name>
      </input_file>
      <input_file id="fl-c5">
         <path>C:\ti\ccsv8\tools\compiler\ti-cgt-arm_18.1.4.LTS\lib\</path>
         <kind>archive</kind>
         <file>rtsv7M4_T_le_v4SPD16_eabi.lib</file>
         <name>args_main.c.obj</name>
      </input_file>
      <input_file id="fl-c6">
         <path>C:\ti\ccsv8\tools\compiler\ti-cgt-arm_18.1.4.LTS\lib\</path>
         <kind>archive</kind>
         <file>rtsv7M4_T_le_v4SPD16_eabi.lib</file>
         <name>memcpy_t2.asm.obj</name>
      </input_file>
      <input_file id="fl-c7">
         <path>C:\ti\ccsv8\tools\compiler\ti-cgt-arm_18.1.4.LTS\lib\</path>
         <kind>archive</kind>
         <file>rtsv7M4_T_le_v4SPD16_eabi.lib</file>
         <name>memset_t2.asm.obj</name>
      </input_file>
      <input_file id="fl-c8">
         <path>C:\ti\ccsv8\tools\compiler\ti-cgt-arm_18.1.4.LTS\lib\</path>
         <kind>archive</kind>
         <file>rtsv7M4_T_le_v4SPD16_eabi.lib</file>
         <name>autoinit.c.obj</name>
      </input_file>
      <input_file id="fl-c9">
         <path>C:\ti\ccsv8\tools\compiler\ti-cgt-arm_18.1.4.LTS\lib\</path>
         <kind>archive</kind>
         <file>rtsv7M4_T_le_v4SPD16_eabi.lib</file>
         <name>pre_init.c.obj</name>
      </input_file>
      <input_file id="fl-ca">
         <path>C:\ti\ccsv8\tools\compiler\ti-cgt-arm_18.1.4.LTS\lib\</path>
         <kind>archive</kind>
         <file>rtsv7M4_T_le_v4SPD16_eabi.lib</file>
         <name>cpy_tbl.c.obj</name>
      </input_file>
   </input_file_list>
   <object_component_list>
      <object_component id="oc-f">
         <name>.intvecs</name>
         <load_address>0x0</load_address>
         <run_address>0x0</run_address>
         <size>0x208</size>
         <input_file_ref idref="fl-3"/>
      </object_component>
      <object_component id="oc-c1">
         <name>.text</name>
         <load_address>0x208</load_address>
         <run_address>0x208</run_address>
         <size>0x150</size>
         <input_file_ref idref="fl-4"/>
      </object_component>
      <object_component id="oc-98">
         <name>.text</name>
         <load_address>0x358</load_address>
         <run_address>0x358</run_address>
         <size>0xec</size>
         <input_file_ref idref="fl-2"/>
      </object_component>
      <object_component id="oc-d6">
         <name>.text:__TI_auto_init_nobinit_nopinit:__TI_auto_init_nobinit_nopinit</name>
         <load_address>0x444</load_address>
         <run_address>0x444</run_address>
         <size>0x44</size>
         <input_file_ref idref="fl-c8"/>
      </object_component>
      <object_component id="oc-56">
         <name>.text:_c_int00_noargs:_c_int00_noargs</name>
         <load_address>0x488</load_address>
         <run_address>0x488</run_address>
         <size>0x38</size>
         <input_file_ref idref="fl-c2"/>
      </object_component>
      <object_component id="oc-44">
         <name>.text:decompress:ZI:__TI_zero_init_nomemset:__TI_zero_init_nomemset</name>
         <load_address>0x4c0</load_address>
         <run_address>0x4c0</run_address>
         <size>0x12</size>
         <input_file_ref idref="fl-bf"/>
      </object_component>
      <object_component id="oc-24">
         <name>.text</name>
         <load_address>0x4d2</load_address>
         <run_address>0x4d2</run_address>
         <size>0xc</size>
         <input_file_ref idref="fl-3"/>
      </object_component>
      <object_component id="oc-92">
         <name>.text:_system_pre_init</name>
         <load_address>0x4de</load_address>
         <run_address>0x4de</run_address>
         <size>0x4</size>
         <input_file_ref idref="fl-c9"/>
      </object_component>
      <object_component id="oc-ca">
         <name>.text:abort:abort</name>
         <load_address>0x4e2</load_address>
         <run_address>0x4e2</run_address>
         <size>0x4</size>
         <input_file_ref idref="fl-c3"/>
      </object_component>
      <object_component id="oc-187">
         <name>.cinit..bss.load</name>
         <load_address>0x4e8</load_address>
         <run_address>0x4e8</run_address>
         <size>0x8</size>
      </object_component>
      <object_component id="oc-185">
         <name>__TI_handler_table</name>
         <load_address>0x4f0</load_address>
         <run_address>0x4f0</run_address>
         <size>0x4</size>
      </object_component>
      <object_component id="oc-186">
         <name>__TI_cinit_table</name>
         <load_address>0x4f4</load_address>
         <run_address>0x4f4</run_address>
         <size>0x8</size>
      </object_component>
      <object_component id="oc-c7">
         <name>.common:c</name>
         <uninitialized>true</uninitialized>
         <run_address>0x20000264</run_address>
         <size>0x1</size>
      </object_component>
      <object_component id="oc-c8">
         <name>.common:myString</name>
         <uninitialized>true</uninitialized>
         <run_address>0x20000200</run_address>
         <size>0x64</size>
      </object_component>
      <object_component id="oc-21">
         <name>.stack</name>
         <uninitialized>true</uninitialized>
         <run_address>0x20000000</run_address>
         <size>0x4</size>
         <input_file_ref idref="fl-c2"/>
      </object_component>
      <object_component id="oc-188">
         <name>.stack</name>
         <uninitialized>true</uninitialized>
         <run_address>0x20000000</run_address>
         <size>0x0</size>
      </object_component>
      <object_component id="oc-af">
         <name>.debug_info</name>
         <load_address>0x0</load_address>
         <run_address>0x0</run_address>
         <size>0x3a5</size>
         <input_file_ref idref="fl-2"/>
      </object_component>
      <object_component id="oc-99">
         <name>.debug_info</name>
         <load_address>0x3a5</load_address>
         <run_address>0x3a5</run_address>
         <size>0x1e5</size>
         <input_file_ref idref="fl-2"/>
      </object_component>
      <object_component id="oc-6d">
         <name>.debug_info</name>
         <load_address>0x58a</load_address>
         <run_address>0x58a</run_address>
         <size>0x26b</size>
         <input_file_ref idref="fl-2"/>
      </object_component>
      <object_component id="oc-33">
         <name>.debug_info</name>
         <load_address>0x7f5</load_address>
         <run_address>0x7f5</run_address>
         <size>0x84</size>
         <input_file_ref idref="fl-2"/>
      </object_component>
      <object_component id="oc-aa">
         <name>.debug_info</name>
         <load_address>0x879</load_address>
         <run_address>0x879</run_address>
         <size>0x297</size>
         <input_file_ref idref="fl-2"/>
      </object_component>
      <object_component id="oc-72">
         <name>.debug_info</name>
         <load_address>0xb10</load_address>
         <run_address>0xb10</run_address>
         <size>0xbb</size>
         <input_file_ref idref="fl-2"/>
      </object_component>
      <object_component id="oc-2c">
         <name>.debug_info</name>
         <load_address>0xbcb</load_address>
         <run_address>0xbcb</run_address>
         <size>0x2a3</size>
         <input_file_ref idref="fl-3"/>
      </object_component>
      <object_component id="oc-10">
         <name>.debug_info</name>
         <load_address>0xe6e</load_address>
         <run_address>0xe6e</run_address>
         <size>0xe2</size>
         <input_file_ref idref="fl-3"/>
      </object_component>
      <object_component id="oc-26">
         <name>.debug_info</name>
         <load_address>0xf50</load_address>
         <run_address>0xf50</run_address>
         <size>0x261</size>
         <input_file_ref idref="fl-3"/>
      </object_component>
      <object_component id="oc-10b">
         <name>.debug_info</name>
         <load_address>0x11b1</load_address>
         <run_address>0x11b1</run_address>
         <size>0x268</size>
         <input_file_ref idref="fl-4"/>
      </object_component>
      <object_component id="oc-c2">
         <name>.debug_info</name>
         <load_address>0x1419</load_address>
         <run_address>0x1419</run_address>
         <size>0x413</size>
         <input_file_ref idref="fl-4"/>
      </object_component>
      <object_component id="oc-8b">
         <name>.debug_info</name>
         <load_address>0x182c</load_address>
         <run_address>0x182c</run_address>
         <size>0x31e</size>
         <input_file_ref idref="fl-bf"/>
      </object_component>
      <object_component id="oc-47">
         <name>.debug_info</name>
         <load_address>0x1b4a</load_address>
         <run_address>0x1b4a</run_address>
         <size>0x1bf</size>
         <input_file_ref idref="fl-bf"/>
      </object_component>
      <object_component id="oc-86">
         <name>.debug_info</name>
         <load_address>0x1d09</load_address>
         <run_address>0x1d09</run_address>
         <size>0x46</size>
         <input_file_ref idref="fl-bf"/>
      </object_component>
      <object_component id="oc-b8">
         <name>.debug_info</name>
         <load_address>0x1d4f</load_address>
         <run_address>0x1d4f</run_address>
         <size>0x2c</size>
         <input_file_ref idref="fl-bf"/>
      </object_component>
      <object_component id="oc-22">
         <name>.debug_info</name>
         <load_address>0x1d7b</load_address>
         <run_address>0x1d7b</run_address>
         <size>0x10b</size>
         <input_file_ref idref="fl-c2"/>
      </object_component>
      <object_component id="oc-57">
         <name>.debug_info</name>
         <load_address>0x1e86</load_address>
         <run_address>0x1e86</run_address>
         <size>0x1af</size>
         <input_file_ref idref="fl-c2"/>
      </object_component>
      <object_component id="oc-cd">
         <name>.debug_info</name>
         <load_address>0x2035</load_address>
         <run_address>0x2035</run_address>
         <size>0x122</size>
         <input_file_ref idref="fl-c3"/>
      </object_component>
      <object_component id="oc-117">
         <name>.debug_info</name>
         <load_address>0x2157</load_address>
         <run_address>0x2157</run_address>
         <size>0x552</size>
         <input_file_ref idref="fl-c8"/>
      </object_component>
      <object_component id="oc-d7">
         <name>.debug_info</name>
         <load_address>0x26a9</load_address>
         <run_address>0x26a9</run_address>
         <size>0x1a6</size>
         <input_file_ref idref="fl-c8"/>
      </object_component>
      <object_component id="oc-13e">
         <name>.debug_info</name>
         <load_address>0x284f</load_address>
         <run_address>0x284f</run_address>
         <size>0x39</size>
         <input_file_ref idref="fl-c8"/>
      </object_component>
      <object_component id="oc-152">
         <name>.debug_info</name>
         <load_address>0x2888</load_address>
         <run_address>0x2888</run_address>
         <size>0x39</size>
         <input_file_ref idref="fl-c8"/>
      </object_component>
      <object_component id="oc-143">
         <name>.debug_info</name>
         <load_address>0x28c1</load_address>
         <run_address>0x28c1</run_address>
         <size>0x39</size>
         <input_file_ref idref="fl-c8"/>
      </object_component>
      <object_component id="oc-148">
         <name>.debug_info</name>
         <load_address>0x28fa</load_address>
         <run_address>0x28fa</run_address>
         <size>0xcd</size>
         <input_file_ref idref="fl-c8"/>
      </object_component>
      <object_component id="oc-95">
         <name>.debug_info</name>
         <load_address>0x29c7</load_address>
         <run_address>0x29c7</run_address>
         <size>0x153</size>
         <input_file_ref idref="fl-c9"/>
      </object_component>
      <object_component id="oc-189">
         <name>.debug_info</name>
         <load_address>0x2b1a</load_address>
         <run_address>0x2b1a</run_address>
         <size>0x97</size>
      </object_component>
      <object_component id="oc-109">
         <name>.debug_line</name>
         <load_address>0x0</load_address>
         <run_address>0x0</run_address>
         <size>0x55</size>
         <input_file_ref idref="fl-2"/>
      </object_component>
      <object_component id="oc-9c">
         <name>.debug_line</name>
         <load_address>0x55</load_address>
         <run_address>0x55</run_address>
         <size>0x4f</size>
         <input_file_ref idref="fl-2"/>
      </object_component>
      <object_component id="oc-70">
         <name>.debug_line</name>
         <load_address>0xa4</load_address>
         <run_address>0xa4</run_address>
         <size>0x69</size>
         <input_file_ref idref="fl-2"/>
      </object_component>
      <object_component id="oc-36">
         <name>.debug_line</name>
         <load_address>0x10d</load_address>
         <run_address>0x10d</run_address>
         <size>0x20</size>
         <input_file_ref idref="fl-2"/>
      </object_component>
      <object_component id="oc-ad">
         <name>.debug_line</name>
         <load_address>0x12d</load_address>
         <run_address>0x12d</run_address>
         <size>0x6d</size>
         <input_file_ref idref="fl-2"/>
      </object_component>
      <object_component id="oc-75">
         <name>.debug_line</name>
         <load_address>0x19a</load_address>
         <run_address>0x19a</run_address>
         <size>0x6a</size>
         <input_file_ref idref="fl-2"/>
      </object_component>
      <object_component id="oc-6c">
         <name>.debug_line</name>
         <load_address>0x204</load_address>
         <run_address>0x204</run_address>
         <size>0x42</size>
         <input_file_ref idref="fl-3"/>
      </object_component>
      <object_component id="oc-2b">
         <name>.debug_line</name>
         <load_address>0x246</load_address>
         <run_address>0x246</run_address>
         <size>0x42</size>
         <input_file_ref idref="fl-3"/>
      </object_component>
      <object_component id="oc-29">
         <name>.debug_line</name>
         <load_address>0x288</load_address>
         <run_address>0x288</run_address>
         <size>0x9c</size>
         <input_file_ref idref="fl-3"/>
      </object_component>
      <object_component id="oc-12d">
         <name>.debug_line</name>
         <load_address>0x324</load_address>
         <run_address>0x324</run_address>
         <size>0x20</size>
         <input_file_ref idref="fl-4"/>
      </object_component>
      <object_component id="oc-c5">
         <name>.debug_line</name>
         <load_address>0x344</load_address>
         <run_address>0x344</run_address>
         <size>0x11b</size>
         <input_file_ref idref="fl-4"/>
      </object_component>
      <object_component id="oc-be">
         <name>.debug_line</name>
         <load_address>0x45f</load_address>
         <run_address>0x45f</run_address>
         <size>0xa9</size>
         <input_file_ref idref="fl-bf"/>
      </object_component>
      <object_component id="oc-49">
         <name>.debug_line</name>
         <load_address>0x508</load_address>
         <run_address>0x508</run_address>
         <size>0x4f</size>
         <input_file_ref idref="fl-bf"/>
      </object_component>
      <object_component id="oc-89">
         <name>.debug_line</name>
         <load_address>0x557</load_address>
         <run_address>0x557</run_address>
         <size>0x34</size>
         <input_file_ref idref="fl-bf"/>
      </object_component>
      <object_component id="oc-bb">
         <name>.debug_line</name>
         <load_address>0x58b</load_address>
         <run_address>0x58b</run_address>
         <size>0x95</size>
         <input_file_ref idref="fl-bf"/>
      </object_component>
      <object_component id="oc-69">
         <name>.debug_line</name>
         <load_address>0x620</load_address>
         <run_address>0x620</run_address>
         <size>0x33</size>
         <input_file_ref idref="fl-c2"/>
      </object_component>
      <object_component id="oc-5b">
         <name>.debug_line</name>
         <load_address>0x653</load_address>
         <run_address>0x653</run_address>
         <size>0x56</size>
         <input_file_ref idref="fl-c2"/>
      </object_component>
      <object_component id="oc-cb">
         <name>.debug_line</name>
         <load_address>0x6a9</load_address>
         <run_address>0x6a9</run_address>
         <size>0x3c</size>
         <input_file_ref idref="fl-c3"/>
      </object_component>
      <object_component id="oc-13d">
         <name>.debug_line</name>
         <load_address>0x6e5</load_address>
         <run_address>0x6e5</run_address>
         <size>0xc2</size>
         <input_file_ref idref="fl-c8"/>
      </object_component>
      <object_component id="oc-da">
         <name>.debug_line</name>
         <load_address>0x7a7</load_address>
         <run_address>0x7a7</run_address>
         <size>0x6c</size>
         <input_file_ref idref="fl-c8"/>
      </object_component>
      <object_component id="oc-141">
         <name>.debug_line</name>
         <load_address>0x813</load_address>
         <run_address>0x813</run_address>
         <size>0x2e</size>
         <input_file_ref idref="fl-c8"/>
      </object_component>
      <object_component id="oc-155">
         <name>.debug_line</name>
         <load_address>0x841</load_address>
         <run_address>0x841</run_address>
         <size>0x9d</size>
         <input_file_ref idref="fl-c8"/>
      </object_component>
      <object_component id="oc-146">
         <name>.debug_line</name>
         <load_address>0x8de</load_address>
         <run_address>0x8de</run_address>
         <size>0x9a</size>
         <input_file_ref idref="fl-c8"/>
      </object_component>
      <object_component id="oc-14b">
         <name>.debug_line</name>
         <load_address>0x978</load_address>
         <run_address>0x978</run_address>
         <size>0x96</size>
         <input_file_ref idref="fl-c8"/>
      </object_component>
      <object_component id="oc-94">
         <name>.debug_line</name>
         <load_address>0xa0e</load_address>
         <run_address>0xa0e</run_address>
         <size>0x40</size>
         <input_file_ref idref="fl-c9"/>
      </object_component>
      <object_component id="oc-9d">
         <name>.debug_frame</name>
         <load_address>0x0</load_address>
         <run_address>0x0</run_address>
         <size>0x5c</size>
         <input_file_ref idref="fl-2"/>
      </object_component>
      <object_component id="oc-25">
         <name>.debug_frame</name>
         <load_address>0x5c</load_address>
         <run_address>0x5c</run_address>
         <size>0x90</size>
         <input_file_ref idref="fl-3"/>
      </object_component>
      <object_component id="oc-c6">
         <name>.debug_frame</name>
         <load_address>0xec</load_address>
         <run_address>0xec</run_address>
         <size>0xd8</size>
         <input_file_ref idref="fl-4"/>
      </object_component>
      <object_component id="oc-45">
         <name>.debug_frame</name>
         <load_address>0x1c4</load_address>
         <run_address>0x1c4</run_address>
         <size>0x54</size>
         <input_file_ref idref="fl-bf"/>
      </object_component>
      <object_component id="oc-5a">
         <name>.debug_frame</name>
         <load_address>0x218</load_address>
         <run_address>0x218</run_address>
         <size>0x58</size>
         <input_file_ref idref="fl-c2"/>
      </object_component>
      <object_component id="oc-cc">
         <name>.debug_frame</name>
         <load_address>0x270</load_address>
         <run_address>0x270</run_address>
         <size>0x54</size>
         <input_file_ref idref="fl-c3"/>
      </object_component>
      <object_component id="oc-db">
         <name>.debug_frame</name>
         <load_address>0x2c4</load_address>
         <run_address>0x2c4</run_address>
         <size>0x5c</size>
         <input_file_ref idref="fl-c8"/>
      </object_component>
      <object_component id="oc-93">
         <name>.debug_frame</name>
         <load_address>0x320</load_address>
         <run_address>0x320</run_address>
         <size>0x54</size>
         <input_file_ref idref="fl-c9"/>
      </object_component>
      <object_component id="oc-108">
         <name>.debug_abbrev</name>
         <load_address>0x0</load_address>
         <run_address>0x0</run_address>
         <size>0xcd</size>
         <input_file_ref idref="fl-2"/>
      </object_component>
      <object_component id="oc-c9">
         <name>.debug_abbrev</name>
         <load_address>0xcd</load_address>
         <run_address>0xcd</run_address>
         <size>0x54</size>
         <input_file_ref idref="fl-2"/>
      </object_component>
      <object_component id="oc-6f">
         <name>.debug_abbrev</name>
         <load_address>0x121</load_address>
         <run_address>0x121</run_address>
         <size>0x69</size>
         <input_file_ref idref="fl-2"/>
      </object_component>
      <object_component id="oc-35">
         <name>.debug_abbrev</name>
         <load_address>0x18a</load_address>
         <run_address>0x18a</run_address>
         <size>0x1f</size>
         <input_file_ref idref="fl-2"/>
      </object_component>
      <object_component id="oc-ac">
         <name>.debug_abbrev</name>
         <load_address>0x1a9</load_address>
         <run_address>0x1a9</run_address>
         <size>0x5c</size>
         <input_file_ref idref="fl-2"/>
      </object_component>
      <object_component id="oc-74">
         <name>.debug_abbrev</name>
         <load_address>0x205</load_address>
         <run_address>0x205</run_address>
         <size>0x24</size>
         <input_file_ref idref="fl-2"/>
      </object_component>
      <object_component id="oc-6b">
         <name>.debug_abbrev</name>
         <load_address>0x229</load_address>
         <run_address>0x229</run_address>
         <size>0x68</size>
         <input_file_ref idref="fl-3"/>
      </object_component>
      <object_component id="oc-2a">
         <name>.debug_abbrev</name>
         <load_address>0x291</load_address>
         <run_address>0x291</run_address>
         <size>0x29</size>
         <input_file_ref idref="fl-3"/>
      </object_component>
      <object_component id="oc-6a">
         <name>.debug_abbrev</name>
         <load_address>0x2ba</load_address>
         <run_address>0x2ba</run_address>
         <size>0xcb</size>
         <input_file_ref idref="fl-3"/>
      </object_component>
      <object_component id="oc-12c">
         <name>.debug_abbrev</name>
         <load_address>0x385</load_address>
         <run_address>0x385</run_address>
         <size>0x2e</size>
         <input_file_ref idref="fl-4"/>
      </object_component>
      <object_component id="oc-10a">
         <name>.debug_abbrev</name>
         <load_address>0x3b3</load_address>
         <run_address>0x3b3</run_address>
         <size>0xa9</size>
         <input_file_ref idref="fl-4"/>
      </object_component>
      <object_component id="oc-bd">
         <name>.debug_abbrev</name>
         <load_address>0x45c</load_address>
         <run_address>0x45c</run_address>
         <size>0x73</size>
         <input_file_ref idref="fl-bf"/>
      </object_component>
      <object_component id="oc-85">
         <name>.debug_abbrev</name>
         <load_address>0x4cf</load_address>
         <run_address>0x4cf</run_address>
         <size>0x6f</size>
         <input_file_ref idref="fl-bf"/>
      </object_component>
      <object_component id="oc-88">
         <name>.debug_abbrev</name>
         <load_address>0x53e</load_address>
         <run_address>0x53e</run_address>
         <size>0x24</size>
         <input_file_ref idref="fl-bf"/>
      </object_component>
      <object_component id="oc-ba">
         <name>.debug_abbrev</name>
         <load_address>0x562</load_address>
         <run_address>0x562</run_address>
         <size>0x24</size>
         <input_file_ref idref="fl-bf"/>
      </object_component>
      <object_component id="oc-68">
         <name>.debug_abbrev</name>
         <load_address>0x586</load_address>
         <run_address>0x586</run_address>
         <size>0x29</size>
         <input_file_ref idref="fl-c2"/>
      </object_component>
      <object_component id="oc-a1">
         <name>.debug_abbrev</name>
         <load_address>0x5af</load_address>
         <run_address>0x5af</run_address>
         <size>0x61</size>
         <input_file_ref idref="fl-c2"/>
      </object_component>
      <object_component id="oc-10c">
         <name>.debug_abbrev</name>
         <load_address>0x610</load_address>
         <run_address>0x610</run_address>
         <size>0x45</size>
         <input_file_ref idref="fl-c3"/>
      </object_component>
      <object_component id="oc-13c">
         <name>.debug_abbrev</name>
         <load_address>0x655</load_address>
         <run_address>0x655</run_address>
         <size>0xdb</size>
         <input_file_ref idref="fl-c8"/>
      </object_component>
      <object_component id="oc-116">
         <name>.debug_abbrev</name>
         <load_address>0x730</load_address>
         <run_address>0x730</run_address>
         <size>0x7e</size>
         <input_file_ref idref="fl-c8"/>
      </object_component>
      <object_component id="oc-140">
         <name>.debug_abbrev</name>
         <load_address>0x7ae</load_address>
         <run_address>0x7ae</run_address>
         <size>0x24</size>
         <input_file_ref idref="fl-c8"/>
      </object_component>
      <object_component id="oc-154">
         <name>.debug_abbrev</name>
         <load_address>0x7d2</load_address>
         <run_address>0x7d2</run_address>
         <size>0x24</size>
         <input_file_ref idref="fl-c8"/>
      </object_component>
      <object_component id="oc-145">
         <name>.debug_abbrev</name>
         <load_address>0x7f6</load_address>
         <run_address>0x7f6</run_address>
         <size>0x24</size>
         <input_file_ref idref="fl-c8"/>
      </object_component>
      <object_component id="oc-14a">
         <name>.debug_abbrev</name>
         <load_address>0x81a</load_address>
         <run_address>0x81a</run_address>
         <size>0x4b</size>
         <input_file_ref idref="fl-c8"/>
      </object_component>
      <object_component id="oc-c0">
         <name>.debug_abbrev</name>
         <load_address>0x865</load_address>
         <run_address>0x865</run_address>
         <size>0x55</size>
         <input_file_ref idref="fl-c9"/>
      </object_component>
      <object_component id="oc-18a">
         <name>.debug_abbrev</name>
         <load_address>0x8ba</load_address>
         <run_address>0x8ba</run_address>
         <size>0xf</size>
      </object_component>
      <object_component id="oc-71">
         <name>.debug_str</name>
         <load_address>0x0</load_address>
         <run_address>0x0</run_address>
         <size>0x29f</size>
         <input_file_ref idref="fl-2"/>
      </object_component>
      <object_component id="oc-37">
         <name>.debug_str</name>
         <load_address>0x29f</load_address>
         <run_address>0x29f</run_address>
         <size>0xfa</size>
         <input_file_ref idref="fl-2"/>
      </object_component>
      <object_component id="oc-ae">
         <name>.debug_str</name>
         <load_address>0x399</load_address>
         <run_address>0x399</run_address>
         <size>0x32e</size>
         <input_file_ref idref="fl-2"/>
      </object_component>
      <object_component id="oc-76">
         <name>.debug_str</name>
         <load_address>0x6c7</load_address>
         <run_address>0x6c7</run_address>
         <size>0x137</size>
         <input_file_ref idref="fl-2"/>
      </object_component>
      <object_component id="oc-8a">
         <name>.debug_str</name>
         <load_address>0x7fe</load_address>
         <run_address>0x7fe</run_address>
         <size>0x105</size>
         <input_file_ref idref="fl-bf"/>
      </object_component>
      <object_component id="oc-bc">
         <name>.debug_str</name>
         <load_address>0x903</load_address>
         <run_address>0x903</run_address>
         <size>0x143</size>
         <input_file_ref idref="fl-bf"/>
      </object_component>
      <object_component id="oc-142">
         <name>.debug_str</name>
         <load_address>0xa46</load_address>
         <run_address>0xa46</run_address>
         <size>0xed</size>
         <input_file_ref idref="fl-c8"/>
      </object_component>
      <object_component id="oc-156">
         <name>.debug_str</name>
         <load_address>0xb33</load_address>
         <run_address>0xb33</run_address>
         <size>0x15a</size>
         <input_file_ref idref="fl-c8"/>
      </object_component>
      <object_component id="oc-147">
         <name>.debug_str</name>
         <load_address>0xc8d</load_address>
         <run_address>0xc8d</run_address>
         <size>0x153</size>
         <input_file_ref idref="fl-c8"/>
      </object_component>
      <object_component id="oc-14c">
         <name>.debug_str</name>
         <load_address>0xde0</load_address>
         <run_address>0xde0</run_address>
         <size>0x19a</size>
         <input_file_ref idref="fl-c8"/>
      </object_component>
      <object_component id="oc-9a">
         <name>.debug_aranges</name>
         <load_address>0x0</load_address>
         <run_address>0x0</run_address>
         <size>0x20</size>
         <input_file_ref idref="fl-2"/>
      </object_component>
      <object_component id="oc-28">
         <name>.debug_aranges</name>
         <load_address>0x20</load_address>
         <run_address>0x20</run_address>
         <size>0x38</size>
         <input_file_ref idref="fl-3"/>
      </object_component>
      <object_component id="oc-c4">
         <name>.debug_aranges</name>
         <load_address>0x58</load_address>
         <run_address>0x58</run_address>
         <size>0x50</size>
         <input_file_ref idref="fl-4"/>
      </object_component>
      <object_component id="oc-46">
         <name>.debug_aranges</name>
         <load_address>0xa8</load_address>
         <run_address>0xa8</run_address>
         <size>0x20</size>
         <input_file_ref idref="fl-bf"/>
      </object_component>
      <object_component id="oc-58">
         <name>.debug_aranges</name>
         <load_address>0xc8</load_address>
         <run_address>0xc8</run_address>
         <size>0x20</size>
         <input_file_ref idref="fl-c2"/>
      </object_component>
      <object_component id="oc-ce">
         <name>.debug_aranges</name>
         <load_address>0xe8</load_address>
         <run_address>0xe8</run_address>
         <size>0x20</size>
         <input_file_ref idref="fl-c3"/>
      </object_component>
      <object_component id="oc-d8">
         <name>.debug_aranges</name>
         <load_address>0x108</load_address>
         <run_address>0x108</run_address>
         <size>0x20</size>
         <input_file_ref idref="fl-c8"/>
      </object_component>
      <object_component id="oc-97">
         <name>.debug_aranges</name>
         <load_address>0x128</load_address>
         <run_address>0x128</run_address>
         <size>0x20</size>
         <input_file_ref idref="fl-c9"/>
      </object_component>
      <object_component id="oc-b0">
         <name>.debug_pubnames</name>
         <load_address>0x0</load_address>
         <run_address>0x0</run_address>
         <size>0x25</size>
         <input_file_ref idref="fl-2"/>
      </object_component>
      <object_component id="oc-9b">
         <name>.debug_pubnames</name>
         <load_address>0x25</load_address>
         <run_address>0x25</run_address>
         <size>0x1b</size>
         <input_file_ref idref="fl-2"/>
      </object_component>
      <object_component id="oc-11">
         <name>.debug_pubnames</name>
         <load_address>0x40</load_address>
         <run_address>0x40</run_address>
         <size>0x23</size>
         <input_file_ref idref="fl-3"/>
      </object_component>
      <object_component id="oc-27">
         <name>.debug_pubnames</name>
         <load_address>0x63</load_address>
         <run_address>0x63</run_address>
         <size>0x4c</size>
         <input_file_ref idref="fl-3"/>
      </object_component>
      <object_component id="oc-c3">
         <name>.debug_pubnames</name>
         <load_address>0xaf</load_address>
         <run_address>0xaf</run_address>
         <size>0x8a</size>
         <input_file_ref idref="fl-4"/>
      </object_component>
      <object_component id="oc-48">
         <name>.debug_pubnames</name>
         <load_address>0x139</load_address>
         <run_address>0x139</run_address>
         <size>0x2e</size>
         <input_file_ref idref="fl-bf"/>
      </object_component>
      <object_component id="oc-23">
         <name>.debug_pubnames</name>
         <load_address>0x167</load_address>
         <run_address>0x167</run_address>
         <size>0x1e</size>
         <input_file_ref idref="fl-c2"/>
      </object_component>
      <object_component id="oc-59">
         <name>.debug_pubnames</name>
         <load_address>0x185</load_address>
         <run_address>0x185</run_address>
         <size>0x26</size>
         <input_file_ref idref="fl-c2"/>
      </object_component>
      <object_component id="oc-cf">
         <name>.debug_pubnames</name>
         <load_address>0x1ab</load_address>
         <run_address>0x1ab</run_address>
         <size>0x1c</size>
         <input_file_ref idref="fl-c3"/>
      </object_component>
      <object_component id="oc-d9">
         <name>.debug_pubnames</name>
         <load_address>0x1c7</load_address>
         <run_address>0x1c7</run_address>
         <size>0x35</size>
         <input_file_ref idref="fl-c8"/>
      </object_component>
      <object_component id="oc-96">
         <name>.debug_pubnames</name>
         <load_address>0x1fc</load_address>
         <run_address>0x1fc</run_address>
         <size>0x27</size>
         <input_file_ref idref="fl-c9"/>
      </object_component>
      <object_component id="oc-6e">
         <name>.debug_pubtypes</name>
         <load_address>0x0</load_address>
         <run_address>0x0</run_address>
         <size>0x25c</size>
         <input_file_ref idref="fl-2"/>
      </object_component>
      <object_component id="oc-34">
         <name>.debug_pubtypes</name>
         <load_address>0x25c</load_address>
         <run_address>0x25c</run_address>
         <size>0xed</size>
         <input_file_ref idref="fl-2"/>
      </object_component>
      <object_component id="oc-ab">
         <name>.debug_pubtypes</name>
         <load_address>0x349</load_address>
         <run_address>0x349</run_address>
         <size>0x325</size>
         <input_file_ref idref="fl-2"/>
      </object_component>
      <object_component id="oc-73">
         <name>.debug_pubtypes</name>
         <load_address>0x66e</load_address>
         <run_address>0x66e</run_address>
         <size>0xaa</size>
         <input_file_ref idref="fl-2"/>
      </object_component>
      <object_component id="oc-87">
         <name>.debug_pubtypes</name>
         <load_address>0x718</load_address>
         <run_address>0x718</run_address>
         <size>0x48</size>
         <input_file_ref idref="fl-bf"/>
      </object_component>
      <object_component id="oc-b9">
         <name>.debug_pubtypes</name>
         <load_address>0x760</load_address>
         <run_address>0x760</run_address>
         <size>0x1d</size>
         <input_file_ref idref="fl-bf"/>
      </object_component>
      <object_component id="oc-13f">
         <name>.debug_pubtypes</name>
         <load_address>0x77d</load_address>
         <run_address>0x77d</run_address>
         <size>0x32</size>
         <input_file_ref idref="fl-c8"/>
      </object_component>
      <object_component id="oc-153">
         <name>.debug_pubtypes</name>
         <load_address>0x7af</load_address>
         <run_address>0x7af</run_address>
         <size>0x30</size>
         <input_file_ref idref="fl-c8"/>
      </object_component>
      <object_component id="oc-144">
         <name>.debug_pubtypes</name>
         <load_address>0x7df</load_address>
         <run_address>0x7df</run_address>
         <size>0x2c</size>
         <input_file_ref idref="fl-c8"/>
      </object_component>
      <object_component id="oc-149">
         <name>.debug_pubtypes</name>
         <load_address>0x80b</load_address>
         <run_address>0x80b</run_address>
         <size>0x50</size>
         <input_file_ref idref="fl-c8"/>
      </object_component>
   </object_component_list>
   <logical_group_list>
      <logical_group id="lg-3" display="no" color="cyan">
         <name>.intvecs</name>
         <load_address>0x0</load_address>
         <run_address>0x0</run_address>
         <size>0x208</size>
         <contents>
            <object_component_ref idref="oc-f"/>
         </contents>
      </logical_group>
      <logical_group id="lg-4" display="no" color="cyan">
         <name>.text</name>
         <load_address>0x208</load_address>
         <run_address>0x208</run_address>
         <size>0x2de</size>
         <contents>
            <object_component_ref idref="oc-c1"/>
            <object_component_ref idref="oc-98"/>
            <object_component_ref idref="oc-d6"/>
            <object_component_ref idref="oc-56"/>
            <object_component_ref idref="oc-44"/>
            <object_component_ref idref="oc-24"/>
            <object_component_ref idref="oc-92"/>
            <object_component_ref idref="oc-ca"/>
         </contents>
      </logical_group>
      <logical_group id="lg-5" display="no" color="cyan">
         <name>.const</name>
         <run_address>0x0</run_address>
         <size>0x0</size>
         <contents>
         </contents>
      </logical_group>
      <logical_group id="lg-6" display="no" color="cyan">
         <name>.cinit</name>
         <load_address>0x4e8</load_address>
         <run_address>0x4e8</run_address>
         <size>0x14</size>
         <contents>
            <object_component_ref idref="oc-187"/>
            <object_component_ref idref="oc-185"/>
            <object_component_ref idref="oc-186"/>
         </contents>
      </logical_group>
      <logical_group id="lg-7" display="no" color="cyan">
         <name>.pinit</name>
         <run_address>0x0</run_address>
         <size>0x0</size>
         <contents>
         </contents>
      </logical_group>
      <logical_group id="lg-8" display="no" color="cyan">
         <name>.init_array</name>
         <run_address>0x0</run_address>
         <size>0x0</size>
         <contents>
         </contents>
      </logical_group>
      <logical_group id="lg-9" display="no" color="cyan">
         <name>.vtable</name>
         <run_address>0x0</run_address>
         <size>0x0</size>
         <contents>
         </contents>
      </logical_group>
      <logical_group id="lg-a" display="no" color="cyan">
         <name>.data</name>
         <run_address>0x0</run_address>
         <size>0x0</size>
         <contents>
         </contents>
      </logical_group>
      <logical_group id="lg-b" display="no" color="cyan">
         <name>.bss</name>
         <run_address>0x20000200</run_address>
         <size>0x65</size>
         <contents>
            <object_component_ref idref="oc-c7"/>
            <object_component_ref idref="oc-c8"/>
         </contents>
      </logical_group>
      <logical_group id="lg-c" display="no" color="cyan">
         <name>.sysmem</name>
         <run_address>0x0</run_address>
         <size>0x0</size>
         <contents>
         </contents>
      </logical_group>
      <logical_group id="lg-d" display="no" color="cyan">
         <name>.stack</name>
         <run_address>0x20000000</run_address>
         <size>0x200</size>
         <contents>
            <object_component_ref idref="oc-21"/>
            <object_component_ref idref="oc-188"/>
         </contents>
      </logical_group>
      <logical_group id="lg-15e" display="no" color="cyan">
         <name>.TI.noinit</name>
         <run_address>0x0</run_address>
         <size>0x0</size>
         <contents>
         </contents>
      </logical_group>
      <logical_group id="lg-15f" display="no" color="cyan">
         <name>.TI.persistent</name>
         <run_address>0x0</run_address>
         <size>0x0</size>
         <contents>
         </contents>
      </logical_group>
      <logical_group id="lg-16d" display="never" color="cyan">
         <name>.debug_info</name>
         <load_address>0x0</load_address>
         <run_address>0x0</run_address>
         <size>0x2bb1</size>
         <contents>
            <object_component_ref idref="oc-af"/>
            <object_component_ref idref="oc-99"/>
            <object_component_ref idref="oc-6d"/>
            <object_component_ref idref="oc-33"/>
            <object_component_ref idref="oc-aa"/>
            <object_component_ref idref="oc-72"/>
            <object_component_ref idref="oc-2c"/>
            <object_component_ref idref="oc-10"/>
            <object_component_ref idref="oc-26"/>
            <object_component_ref idref="oc-10b"/>
            <object_component_ref idref="oc-c2"/>
            <object_component_ref idref="oc-8b"/>
            <object_component_ref idref="oc-47"/>
            <object_component_ref idref="oc-86"/>
            <object_component_ref idref="oc-b8"/>
            <object_component_ref idref="oc-22"/>
            <object_component_ref idref="oc-57"/>
            <object_component_ref idref="oc-cd"/>
            <object_component_ref idref="oc-117"/>
            <object_component_ref idref="oc-d7"/>
            <object_component_ref idref="oc-13e"/>
            <object_component_ref idref="oc-152"/>
            <object_component_ref idref="oc-143"/>
            <object_component_ref idref="oc-148"/>
            <object_component_ref idref="oc-95"/>
            <object_component_ref idref="oc-189"/>
         </contents>
      </logical_group>
      <logical_group id="lg-16f" display="never" color="cyan">
         <name>.debug_line</name>
         <load_address>0x0</load_address>
         <run_address>0x0</run_address>
         <size>0xa4e</size>
         <contents>
            <object_component_ref idref="oc-109"/>
            <object_component_ref idref="oc-9c"/>
            <object_component_ref idref="oc-70"/>
            <object_component_ref idref="oc-36"/>
            <object_component_ref idref="oc-ad"/>
            <object_component_ref idref="oc-75"/>
            <object_component_ref idref="oc-6c"/>
            <object_component_ref idref="oc-2b"/>
            <object_component_ref idref="oc-29"/>
            <object_component_ref idref="oc-12d"/>
            <object_component_ref idref="oc-c5"/>
            <object_component_ref idref="oc-be"/>
            <object_component_ref idref="oc-49"/>
            <object_component_ref idref="oc-89"/>
            <object_component_ref idref="oc-bb"/>
            <object_component_ref idref="oc-69"/>
            <object_component_ref idref="oc-5b"/>
            <object_component_ref idref="oc-cb"/>
            <object_component_ref idref="oc-13d"/>
            <object_component_ref idref="oc-da"/>
            <object_component_ref idref="oc-141"/>
            <object_component_ref idref="oc-155"/>
            <object_component_ref idref="oc-146"/>
            <object_component_ref idref="oc-14b"/>
            <object_component_ref idref="oc-94"/>
         </contents>
      </logical_group>
      <logical_group id="lg-171" display="never" color="cyan">
         <name>.debug_frame</name>
         <load_address>0x0</load_address>
         <run_address>0x0</run_address>
         <size>0x374</size>
         <contents>
            <object_component_ref idref="oc-9d"/>
            <object_component_ref idref="oc-25"/>
            <object_component_ref idref="oc-c6"/>
            <object_component_ref idref="oc-45"/>
            <object_component_ref idref="oc-5a"/>
            <object_component_ref idref="oc-cc"/>
            <object_component_ref idref="oc-db"/>
            <object_component_ref idref="oc-93"/>
         </contents>
      </logical_group>
      <logical_group id="lg-173" display="never" color="cyan">
         <name>.debug_abbrev</name>
         <load_address>0x0</load_address>
         <run_address>0x0</run_address>
         <size>0x8c9</size>
         <contents>
            <object_component_ref idref="oc-108"/>
            <object_component_ref idref="oc-c9"/>
            <object_component_ref idref="oc-6f"/>
            <object_component_ref idref="oc-35"/>
            <object_component_ref idref="oc-ac"/>
            <object_component_ref idref="oc-74"/>
            <object_component_ref idref="oc-6b"/>
            <object_component_ref idref="oc-2a"/>
            <object_component_ref idref="oc-6a"/>
            <object_component_ref idref="oc-12c"/>
            <object_component_ref idref="oc-10a"/>
            <object_component_ref idref="oc-bd"/>
            <object_component_ref idref="oc-85"/>
            <object_component_ref idref="oc-88"/>
            <object_component_ref idref="oc-ba"/>
            <object_component_ref idref="oc-68"/>
            <object_component_ref idref="oc-a1"/>
            <object_component_ref idref="oc-10c"/>
            <object_component_ref idref="oc-13c"/>
            <object_component_ref idref="oc-116"/>
            <object_component_ref idref="oc-140"/>
            <object_component_ref idref="oc-154"/>
            <object_component_ref idref="oc-145"/>
            <object_component_ref idref="oc-14a"/>
            <object_component_ref idref="oc-c0"/>
            <object_component_ref idref="oc-18a"/>
         </contents>
      </logical_group>
      <logical_group id="lg-175" display="never" color="cyan">
         <name>.debug_str</name>
         <load_address>0x0</load_address>
         <run_address>0x0</run_address>
         <size>0xf7a</size>
         <contents>
            <object_component_ref idref="oc-71"/>
            <object_component_ref idref="oc-37"/>
            <object_component_ref idref="oc-ae"/>
            <object_component_ref idref="oc-76"/>
            <object_component_ref idref="oc-8a"/>
            <object_component_ref idref="oc-bc"/>
            <object_component_ref idref="oc-142"/>
            <object_component_ref idref="oc-156"/>
            <object_component_ref idref="oc-147"/>
            <object_component_ref idref="oc-14c"/>
         </contents>
      </logical_group>
      <logical_group id="lg-177" display="never" color="cyan">
         <name>.debug_aranges</name>
         <load_address>0x0</load_address>
         <run_address>0x0</run_address>
         <size>0x148</size>
         <contents>
            <object_component_ref idref="oc-9a"/>
            <object_component_ref idref="oc-28"/>
            <object_component_ref idref="oc-c4"/>
            <object_component_ref idref="oc-46"/>
            <object_component_ref idref="oc-58"/>
            <object_component_ref idref="oc-ce"/>
            <object_component_ref idref="oc-d8"/>
            <object_component_ref idref="oc-97"/>
         </contents>
      </logical_group>
      <logical_group id="lg-179" display="never" color="cyan">
         <name>.debug_pubnames</name>
         <load_address>0x0</load_address>
         <run_address>0x0</run_address>
         <size>0x223</size>
         <contents>
            <object_component_ref idref="oc-b0"/>
            <object_component_ref idref="oc-9b"/>
            <object_component_ref idref="oc-11"/>
            <object_component_ref idref="oc-27"/>
            <object_component_ref idref="oc-c3"/>
            <object_component_ref idref="oc-48"/>
            <object_component_ref idref="oc-23"/>
            <object_component_ref idref="oc-59"/>
            <object_component_ref idref="oc-cf"/>
            <object_component_ref idref="oc-d9"/>
            <object_component_ref idref="oc-96"/>
         </contents>
      </logical_group>
      <logical_group id="lg-17b" display="never" color="cyan">
         <name>.debug_pubtypes</name>
         <load_address>0x0</load_address>
         <run_address>0x0</run_address>
         <size>0x85b</size>
         <contents>
            <object_component_ref idref="oc-6e"/>
            <object_component_ref idref="oc-34"/>
            <object_component_ref idref="oc-ab"/>
            <object_component_ref idref="oc-73"/>
            <object_component_ref idref="oc-87"/>
            <object_component_ref idref="oc-b9"/>
            <object_component_ref idref="oc-13f"/>
            <object_component_ref idref="oc-153"/>
            <object_component_ref idref="oc-144"/>
            <object_component_ref idref="oc-149"/>
         </contents>
      </logical_group>
      <load_segment id="lg-18b" display="no" color="cyan">
         <name>SEGMENT_0</name>
         <load_address>0x0</load_address>
         <run_address>0x0</run_address>
         <size>0x4fc</size>
         <flags>0x5</flags>
         <contents>
            <logical_group_ref idref="lg-3"/>
            <logical_group_ref idref="lg-4"/>
            <logical_group_ref idref="lg-6"/>
         </contents>
      </load_segment>
      <load_segment id="lg-18c" display="no" color="cyan">
         <name>SEGMENT_1</name>
         <run_address>0x20000000</run_address>
         <size>0x265</size>
         <flags>0x6</flags>
         <contents>
            <logical_group_ref idref="lg-d"/>
            <logical_group_ref idref="lg-b"/>
         </contents>
      </load_segment>
   </logical_group_list>
   <placement_map>
      <memory_area display="yes" color="green">
         <name>FLASH</name>
         <page_id>0x0</page_id>
         <origin>0x0</origin>
         <length>0x100000</length>
         <used_space>0x4fa</used_space>
         <unused_space>0xffb06</unused_space>
         <attributes>RX</attributes>
         <usage_details>
            <allocated_space>
               <start_address>0x0</start_address>
               <size>0x208</size>
               <logical_group_ref idref="lg-3"/>
            </allocated_space>
            <allocated_space>
               <start_address>0x208</start_address>
               <size>0x2de</size>
               <logical_group_ref idref="lg-4"/>
            </allocated_space>
            <available_space>
               <start_address>0x4e6</start_address>
               <size>0x2</size>
            </available_space>
            <allocated_space>
               <start_address>0x4e8</start_address>
               <size>0x14</size>
               <logical_group_ref idref="lg-6"/>
            </allocated_space>
            <available_space>
               <start_address>0x4fc</start_address>
               <size>0xffb04</size>
            </available_space>
         </usage_details>
      </memory_area>
      <memory_area display="yes" color="green">
         <name>SRAM</name>
         <page_id>0x0</page_id>
         <origin>0x20000000</origin>
         <length>0x40000</length>
         <used_space>0x265</used_space>
         <unused_space>0x3fd9b</unused_space>
         <attributes>RWX</attributes>
         <usage_details>
            <allocated_space>
               <start_address>0x20000000</start_address>
               <size>0x200</size>
               <logical_group_ref idref="lg-d"/>
            </allocated_space>
            <allocated_space>
               <start_address>0x20000200</start_address>
               <size>0x65</size>
               <logical_group_ref idref="lg-b"/>
            </allocated_space>
            <available_space>
               <start_address>0x20000265</start_address>
               <size>0x3fd9b</size>
            </available_space>
         </usage_details>
      </memory_area>
   </placement_map>
   <cptbl_list>
      <cptbl>
         <name>__TI_cinit_table</name>
         <cprec>
            <name>.bss</name>
            <load_address>0x4e8</load_address>
            <load_size>0x8</load_size>
            <run_address>0x20000200</run_address>
            <run_size>0x65</run_size>
            <compression>zero_init</compression>
         </cprec>
      </cptbl>
   </cptbl_list>
   <handler_table>
      <handler_table_name>__TI_handler_table</handler_table_name>
      <handler>
         <index>0x0</index>
         <name>__TI_zero_init</name>
      </handler>
   </handler_table>
   <symbol_table>
      <symbol id="sm-1">
         <name>__STACK_TOP</name>
         <value>0x20000200</value>
      </symbol>
      <symbol id="sm-2">
         <name>__TI_CINIT_Base</name>
         <value>0x4f4</value>
      </symbol>
      <symbol id="sm-3">
         <name>__TI_CINIT_Limit</name>
         <value>0x4fc</value>
      </symbol>
      <symbol id="sm-4">
         <name>__TI_Handler_Table_Base</name>
         <value>0x4f0</value>
      </symbol>
      <symbol id="sm-5">
         <name>__TI_Handler_Table_Limit</name>
         <value>0x4f4</value>
      </symbol>
      <symbol id="sm-6">
         <name>binit</name>
         <value>0xffffffff</value>
      </symbol>
      <symbol id="sm-7">
         <name>__binit__</name>
         <value>0xffffffff</value>
      </symbol>
      <symbol id="sm-8">
         <name>__STACK_SIZE</name>
         <value>0x200</value>
      </symbol>
      <symbol id="sm-9">
         <name>__STACK_END</name>
         <value>0x20000200</value>
      </symbol>
      <symbol id="sm-a">
         <name>__c_args__</name>
         <value>0xffffffff</value>
      </symbol>
      <symbol id="sm-b">
         <name>__TI_pprof_out_hndl</name>
         <value>0xffffffff</value>
      </symbol>
      <symbol id="sm-c">
         <name>__TI_prof_data_start</name>
         <value>0xffffffff</value>
      </symbol>
      <symbol id="sm-d">
         <name>__TI_prof_data_size</name>
         <value>0xffffffff</value>
      </symbol>
      <symbol id="sm-4d">
         <name>c</name>
         <value>0x20000264</value>
      </symbol>
      <symbol id="sm-4e">
         <name>myString</name>
         <value>0x20000200</value>
      </symbol>
      <symbol id="sm-4f">
         <name>main</name>
         <value>0x359</value>
         <object_component_ref idref="oc-98"/>
      </symbol>
      <symbol id="sm-6b">
         <name>ResetISR</name>
         <value>0x4d3</value>
         <object_component_ref idref="oc-24"/>
      </symbol>
      <symbol id="sm-6c">
         <name>g_pfnVectors</name>
         <value>0x0</value>
         <object_component_ref idref="oc-f"/>
      </symbol>
      <symbol id="sm-8b">
         <name>USART_putChar</name>
         <value>0x27d</value>
         <object_component_ref idref="oc-c1"/>
      </symbol>
      <symbol id="sm-8c">
         <name>USART_end</name>
         <value>0x2d3</value>
         <object_component_ref idref="oc-c1"/>
      </symbol>
      <symbol id="sm-8d">
         <name>USART_getChar</name>
         <value>0x29f</value>
         <object_component_ref idref="oc-c1"/>
      </symbol>
      <symbol id="sm-8e">
         <name>USART_getString</name>
         <value>0x2af</value>
         <object_component_ref idref="oc-c1"/>
      </symbol>
      <symbol id="sm-8f">
         <name>USART_putString</name>
         <value>0x28b</value>
         <object_component_ref idref="oc-c1"/>
      </symbol>
      <symbol id="sm-90">
         <name>USART_reset</name>
         <value>0x209</value>
         <object_component_ref idref="oc-c1"/>
      </symbol>
      <symbol id="sm-91">
         <name>UART_Init</name>
         <value>0x2f3</value>
         <object_component_ref idref="oc-c1"/>
      </symbol>
      <symbol id="sm-aa">
         <name>__TI_zero_init_nomemset</name>
         <value>0x4c1</value>
         <object_component_ref idref="oc-44"/>
      </symbol>
      <symbol id="sm-bf">
         <name>__stack</name>
         <value>0x20000000</value>
         <object_component_ref idref="oc-21"/>
      </symbol>
      <symbol id="sm-c0">
         <name>_c_int00_noargs</name>
         <value>0x489</value>
         <object_component_ref idref="oc-56"/>
      </symbol>
      <symbol id="sm-cb">
         <name>C$$EXIT</name>
         <value>0x4e3</value>
         <object_component_ref idref="oc-ca"/>
      </symbol>
      <symbol id="sm-cc">
         <name>abort</name>
         <value>0x4e3</value>
         <object_component_ref idref="oc-ca"/>
      </symbol>
      <symbol id="sm-f8">
         <name>__TI_auto_init_nobinit_nopinit</name>
         <value>0x445</value>
         <object_component_ref idref="oc-d6"/>
      </symbol>
      <symbol id="sm-102">
         <name>_system_pre_init</name>
         <value>0x4df</value>
         <object_component_ref idref="oc-92"/>
      </symbol>
      <symbol id="sm-104">
         <name>__TI_static_base__</name>
         <value>0x0</value>
      </symbol>
      <symbol id="sm-106">
         <name>__mpu_init</name>
         <value>0x0</value>
      </symbol>
      <symbol id="sm-107">
         <name>_system_post_cinit</name>
         <value>0x0</value>
      </symbol>
   </symbol_table>
   <title>Link successful</title>
</link_info>
